-- MySQL dump 10.13  Distrib 5.5.34, for debian-linux-gnu (i686)
--
-- Host: localhost    Database: ROM
-- ------------------------------------------------------
-- Server version	5.5.34-0ubuntu0.13.04.1

/*!40101 SET @OLD_CHARACTER_SET_CLIENT=@@CHARACTER_SET_CLIENT */;
/*!40101 SET @OLD_CHARACTER_SET_RESULTS=@@CHARACTER_SET_RESULTS */;
/*!40101 SET @OLD_COLLATION_CONNECTION=@@COLLATION_CONNECTION */;
/*!40101 SET NAMES utf8 */;
/*!40103 SET @OLD_TIME_ZONE=@@TIME_ZONE */;
/*!40103 SET TIME_ZONE='+00:00' */;
/*!40014 SET @OLD_UNIQUE_CHECKS=@@UNIQUE_CHECKS, UNIQUE_CHECKS=0 */;
/*!40014 SET @OLD_FOREIGN_KEY_CHECKS=@@FOREIGN_KEY_CHECKS, FOREIGN_KEY_CHECKS=0 */;
/*!40101 SET @OLD_SQL_MODE=@@SQL_MODE, SQL_MODE='NO_AUTO_VALUE_ON_ZERO' */;
/*!40111 SET @OLD_SQL_NOTES=@@SQL_NOTES, SQL_NOTES=0 */;

--
-- Current Database: `ROM`
--

CREATE DATABASE /*!32312 IF NOT EXISTS*/ `ROM` /*!40100 DEFAULT CHARACTER SET latin1 */;

USE `ROM`;

--
-- Table structure for table `DATABASECHANGELOG`
--

DROP TABLE IF EXISTS `DATABASECHANGELOG`;
/*!40101 SET @saved_cs_client     = @@character_set_client */;
/*!40101 SET character_set_client = utf8 */;
CREATE TABLE `DATABASECHANGELOG` (
  `ID` varchar(63) NOT NULL,
  `AUTHOR` varchar(63) NOT NULL,
  `FILENAME` varchar(200) NOT NULL,
  `DATEEXECUTED` datetime NOT NULL,
  `ORDEREXECUTED` int(11) NOT NULL,
  `EXECTYPE` varchar(10) NOT NULL,
  `MD5SUM` varchar(35) DEFAULT NULL,
  `DESCRIPTION` varchar(255) DEFAULT NULL,
  `COMMENTS` varchar(255) DEFAULT NULL,
  `TAG` varchar(255) DEFAULT NULL,
  `LIQUIBASE` varchar(20) DEFAULT NULL,
  PRIMARY KEY (`ID`,`AUTHOR`,`FILENAME`)
) ENGINE=InnoDB DEFAULT CHARSET=latin1;
/*!40101 SET character_set_client = @saved_cs_client */;

--
-- Dumping data for table `DATABASECHANGELOG`
--

LOCK TABLES `DATABASECHANGELOG` WRITE;
/*!40000 ALTER TABLE `DATABASECHANGELOG` DISABLE KEYS */;
/*!40000 ALTER TABLE `DATABASECHANGELOG` ENABLE KEYS */;
UNLOCK TABLES;

--
-- Table structure for table `DATABASECHANGELOGLOCK`
--

DROP TABLE IF EXISTS `DATABASECHANGELOGLOCK`;
/*!40101 SET @saved_cs_client     = @@character_set_client */;
/*!40101 SET character_set_client = utf8 */;
CREATE TABLE `DATABASECHANGELOGLOCK` (
  `ID` int(11) NOT NULL,
  `LOCKED` tinyint(1) NOT NULL,
  `LOCKGRANTED` datetime DEFAULT NULL,
  `LOCKEDBY` varchar(255) DEFAULT NULL,
  PRIMARY KEY (`ID`)
) ENGINE=InnoDB DEFAULT CHARSET=latin1;
/*!40101 SET character_set_client = @saved_cs_client */;

--
-- Dumping data for table `DATABASECHANGELOGLOCK`
--

LOCK TABLES `DATABASECHANGELOGLOCK` WRITE;
/*!40000 ALTER TABLE `DATABASECHANGELOGLOCK` DISABLE KEYS */;
INSERT INTO `DATABASECHANGELOGLOCK` VALUES (1,0,NULL,NULL);
/*!40000 ALTER TABLE `DATABASECHANGELOGLOCK` ENABLE KEYS */;
UNLOCK TABLES;

--
-- Table structure for table `cocina`
--

DROP TABLE IF EXISTS `cocina`;
/*!40101 SET @saved_cs_client     = @@character_set_client */;
/*!40101 SET character_set_client = utf8 */;
CREATE TABLE `cocina` (
  `id` bigint(20) NOT NULL,
  `restaurant_id` bigint(20) DEFAULT NULL,
  PRIMARY KEY (`id`),
  KEY `FKAF3A8F05CA164B98` (`restaurant_id`),
  CONSTRAINT `FKAF3A8F05CA164B98` FOREIGN KEY (`restaurant_id`) REFERENCES `restaurant` (`id`)
) ENGINE=InnoDB DEFAULT CHARSET=latin1;
/*!40101 SET character_set_client = @saved_cs_client */;

--
-- Dumping data for table `cocina`
--

LOCK TABLES `cocina` WRITE;
/*!40000 ALTER TABLE `cocina` DISABLE KEYS */;
INSERT INTO `cocina` VALUES (3,1),(4,1);
/*!40000 ALTER TABLE `cocina` ENABLE KEYS */;
UNLOCK TABLES;

--
-- Table structure for table `consumible`
--

DROP TABLE IF EXISTS `consumible`;
/*!40101 SET @saved_cs_client     = @@character_set_client */;
/*!40101 SET character_set_client = utf8 */;
CREATE TABLE `consumible` (
  `id` bigint(20) NOT NULL AUTO_INCREMENT,
  `version` bigint(20) NOT NULL,
  `activo` bit(1) NOT NULL,
  `detalle` varchar(255) DEFAULT NULL,
  `nombre` varchar(100) NOT NULL,
  `subrubro_id` bigint(20) NOT NULL,
  `class` varchar(255) NOT NULL,
  `a_cocina` bit(1) DEFAULT NULL,
  PRIMARY KEY (`id`),
  KEY `FKF619015B947CCEB8` (`subrubro_id`),
  CONSTRAINT `FKF619015B947CCEB8` FOREIGN KEY (`subrubro_id`) REFERENCES `subrubro` (`id`)
) ENGINE=InnoDB AUTO_INCREMENT=27 DEFAULT CHARSET=latin1;
/*!40101 SET character_set_client = @saved_cs_client */;

--
-- Dumping data for table `consumible`
--

LOCK TABLES `consumible` WRITE;
/*!40000 ALTER TABLE `consumible` DISABLE KEYS */;
INSERT INTO `consumible` VALUES (1,0,'','Plato de langostinos','Langostinos',1,'rom.Consumicion',''),(2,0,'','Plato de tomates rellenos','Tomates Rellenos',1,'rom.Consumicion',''),(3,0,'','Ensalada','Mayonesa de ave o atún',1,'rom.Consumicion',''),(4,0,'','Empanadas fritas','Empanadas',2,'rom.Consumicion',''),(5,0,'','Porcion de rabas','Rabas',2,'rom.Consumicion',''),(6,0,'','Provoletas','Provoleta',2,'rom.Consumicion',''),(7,0,'','Tira de asado a la parrilla','Tira de asado',3,'rom.Consumicion',''),(8,0,'','Bife de costilla a la parrilla','Bife de costilla',3,'rom.Consumicion',''),(9,0,'','Chorizo a la parrilla','Chorizo',3,'rom.Consumicion',''),(10,0,'','Morcilla a la parrilla','Mocilla',3,'rom.Consumicion',''),(11,0,'','Pollo a la parrilla','Pollo',3,'rom.Consumicion',''),(12,0,'','Fideos caseros','Tallarines',4,'rom.Consumicion',''),(13,0,'','Ravioles de ricota y verdura','Ravioles',4,'rom.Consumicion',''),(14,0,'','Sorrentinos de jamón y queso','Sorrentinos',4,'rom.Consumicion',''),(15,0,'','Salsa de tomate y carne','Salsa Bolognesa',4,'rom.Agregado',NULL),(16,0,'','Salsa con 4 quesos','Salsa cuatro quesos',4,'rom.Agregado',NULL),(17,0,'','Salsa con crema','Gran Carusso',4,'rom.Agregado',NULL),(18,0,'','Línea Coca','Gaseosa',5,'rom.Consumicion','\0'),(19,0,'','Villa del Sur','Agua Mineral',5,'rom.Consumicion','\0'),(20,0,'','Botella','Don Valentín Lacrado',6,'rom.Consumicion','\0'),(21,0,'','Botella','Valmont',6,'rom.Consumicion','\0'),(22,0,'','Botella','Latitud 33',6,'rom.Consumicion','\0'),(23,0,'','Torta de limón y merengue','Lemon pie',7,'rom.Consumicion',''),(24,0,'','Torta de chocolate','Selva Negra',7,'rom.Consumicion',''),(25,0,'','Helado a gusto','Bochas',8,'rom.Consumicion',''),(26,0,'','Helado de americana cubierto por almendras','Almendrado',8,'rom.Consumicion','');
/*!40000 ALTER TABLE `consumible` ENABLE KEYS */;
UNLOCK TABLES;

--
-- Table structure for table `duenio`
--

DROP TABLE IF EXISTS `duenio`;
/*!40101 SET @saved_cs_client     = @@character_set_client */;
/*!40101 SET character_set_client = utf8 */;
CREATE TABLE `duenio` (
  `id` bigint(20) NOT NULL,
  `email` varchar(255) DEFAULT NULL,
  PRIMARY KEY (`id`)
) ENGINE=InnoDB DEFAULT CHARSET=latin1;
/*!40101 SET character_set_client = @saved_cs_client */;

--
-- Dumping data for table `duenio`
--

LOCK TABLES `duenio` WRITE;
/*!40000 ALTER TABLE `duenio` DISABLE KEYS */;
INSERT INTO `duenio` VALUES (2,'test@test.com');
/*!40000 ALTER TABLE `duenio` ENABLE KEYS */;
UNLOCK TABLES;

--
-- Table structure for table `mesa`
--

DROP TABLE IF EXISTS `mesa`;
/*!40101 SET @saved_cs_client     = @@character_set_client */;
/*!40101 SET character_set_client = utf8 */;
CREATE TABLE `mesa` (
  `id` bigint(20) NOT NULL AUTO_INCREMENT,
  `version` bigint(20) NOT NULL,
  `abierta` bit(1) NOT NULL,
  `activo` bit(1) NOT NULL,
  `capacidad` int(11) NOT NULL,
  `numero` int(11) NOT NULL,
  `restaurant_id` bigint(20) NOT NULL,
  `class` varchar(255) NOT NULL,
  PRIMARY KEY (`id`),
  KEY `FK3315E6CA164B98` (`restaurant_id`),
  CONSTRAINT `FK3315E6CA164B98` FOREIGN KEY (`restaurant_id`) REFERENCES `restaurant` (`id`)
) ENGINE=InnoDB AUTO_INCREMENT=210 DEFAULT CHARSET=latin1;
/*!40101 SET character_set_client = @saved_cs_client */;

--
-- Dumping data for table `mesa`
--

LOCK TABLES `mesa` WRITE;
/*!40000 ALTER TABLE `mesa` DISABLE KEYS */;
INSERT INTO `mesa` VALUES (1,408,'\0','',4,1,1,'rom.MesaUnitaria'),(2,0,'\0','',4,2,1,'rom.MesaUnitaria'),(3,0,'\0','',4,3,1,'rom.MesaUnitaria'),(4,0,'\0','',4,4,1,'rom.MesaUnitaria'),(5,0,'\0','',4,5,1,'rom.MesaUnitaria'),(6,2,'\0','\0',4,1,1,'rom.MesaComposite'),(7,2,'\0','\0',4,1,1,'rom.MesaComposite'),(8,2,'\0','\0',4,1,1,'rom.MesaComposite'),(9,2,'\0','\0',4,1,1,'rom.MesaComposite'),(10,2,'\0','\0',4,1,1,'rom.MesaComposite'),(11,2,'\0','\0',4,1,1,'rom.MesaComposite'),(12,2,'\0','\0',4,1,1,'rom.MesaComposite'),(13,2,'\0','\0',4,1,1,'rom.MesaComposite'),(14,2,'\0','\0',4,1,1,'rom.MesaComposite'),(15,2,'\0','\0',4,1,1,'rom.MesaComposite'),(16,2,'\0','\0',4,1,1,'rom.MesaComposite'),(17,2,'\0','\0',4,1,1,'rom.MesaComposite'),(18,2,'\0','\0',4,1,1,'rom.MesaComposite'),(19,2,'\0','\0',4,1,1,'rom.MesaComposite'),(20,2,'\0','\0',4,1,1,'rom.MesaComposite'),(21,2,'\0','\0',4,1,1,'rom.MesaComposite'),(22,2,'\0','\0',4,1,1,'rom.MesaComposite'),(23,2,'\0','\0',4,1,1,'rom.MesaComposite'),(24,2,'\0','\0',4,1,1,'rom.MesaComposite'),(25,2,'\0','\0',4,1,1,'rom.MesaComposite'),(26,2,'\0','\0',4,1,1,'rom.MesaComposite'),(27,2,'\0','\0',4,1,1,'rom.MesaComposite'),(28,2,'\0','\0',4,1,1,'rom.MesaComposite'),(29,2,'\0','\0',4,1,1,'rom.MesaComposite'),(30,2,'\0','\0',4,1,1,'rom.MesaComposite'),(31,2,'\0','\0',4,1,1,'rom.MesaComposite'),(32,2,'\0','\0',4,1,1,'rom.MesaComposite'),(33,2,'\0','\0',4,1,1,'rom.MesaComposite'),(34,2,'\0','\0',4,1,1,'rom.MesaComposite'),(35,2,'\0','\0',4,1,1,'rom.MesaComposite'),(36,2,'\0','\0',4,1,1,'rom.MesaComposite'),(37,2,'\0','\0',4,1,1,'rom.MesaComposite'),(38,2,'\0','\0',4,1,1,'rom.MesaComposite'),(39,2,'\0','\0',4,1,1,'rom.MesaComposite'),(40,2,'\0','\0',4,1,1,'rom.MesaComposite'),(41,2,'\0','\0',4,1,1,'rom.MesaComposite'),(42,2,'\0','\0',4,1,1,'rom.MesaComposite'),(43,2,'\0','\0',4,1,1,'rom.MesaComposite'),(44,2,'\0','\0',4,1,1,'rom.MesaComposite'),(45,2,'\0','\0',4,1,1,'rom.MesaComposite'),(46,2,'\0','\0',4,1,1,'rom.MesaComposite'),(47,2,'\0','\0',4,1,1,'rom.MesaComposite'),(48,2,'\0','\0',4,1,1,'rom.MesaComposite'),(49,2,'\0','\0',4,1,1,'rom.MesaComposite'),(50,2,'\0','\0',4,1,1,'rom.MesaComposite'),(51,2,'\0','\0',4,1,1,'rom.MesaComposite'),(52,2,'\0','\0',4,1,1,'rom.MesaComposite'),(53,2,'\0','\0',4,1,1,'rom.MesaComposite'),(54,2,'\0','\0',4,1,1,'rom.MesaComposite'),(55,2,'\0','\0',4,1,1,'rom.MesaComposite'),(56,2,'\0','\0',4,1,1,'rom.MesaComposite'),(57,2,'\0','\0',4,1,1,'rom.MesaComposite'),(58,2,'\0','\0',4,1,1,'rom.MesaComposite'),(59,2,'\0','\0',4,1,1,'rom.MesaComposite'),(60,2,'\0','\0',4,1,1,'rom.MesaComposite'),(61,2,'\0','\0',4,1,1,'rom.MesaComposite'),(62,2,'\0','\0',4,1,1,'rom.MesaComposite'),(63,2,'\0','\0',4,1,1,'rom.MesaComposite'),(64,2,'\0','\0',4,1,1,'rom.MesaComposite'),(65,2,'\0','\0',4,1,1,'rom.MesaComposite'),(66,2,'\0','\0',4,1,1,'rom.MesaComposite'),(67,2,'\0','\0',4,1,1,'rom.MesaComposite'),(68,2,'\0','\0',4,1,1,'rom.MesaComposite'),(69,2,'\0','\0',4,1,1,'rom.MesaComposite'),(70,2,'\0','\0',4,1,1,'rom.MesaComposite'),(71,2,'\0','\0',4,1,1,'rom.MesaComposite'),(72,2,'\0','\0',4,1,1,'rom.MesaComposite'),(73,2,'\0','\0',4,1,1,'rom.MesaComposite'),(74,2,'\0','\0',4,1,1,'rom.MesaComposite'),(75,2,'\0','\0',4,1,1,'rom.MesaComposite'),(76,2,'\0','\0',4,1,1,'rom.MesaComposite'),(77,2,'\0','\0',4,1,1,'rom.MesaComposite'),(78,2,'\0','\0',4,1,1,'rom.MesaComposite'),(79,2,'\0','\0',4,1,1,'rom.MesaComposite'),(80,2,'\0','\0',4,1,1,'rom.MesaComposite'),(81,2,'\0','\0',4,1,1,'rom.MesaComposite'),(82,2,'\0','\0',4,1,1,'rom.MesaComposite'),(83,2,'\0','\0',4,1,1,'rom.MesaComposite'),(84,2,'\0','\0',4,1,1,'rom.MesaComposite'),(85,2,'\0','\0',4,1,1,'rom.MesaComposite'),(86,2,'\0','\0',4,1,1,'rom.MesaComposite'),(87,2,'\0','\0',4,1,1,'rom.MesaComposite'),(88,2,'\0','\0',4,1,1,'rom.MesaComposite'),(89,2,'\0','\0',4,1,1,'rom.MesaComposite'),(90,2,'\0','\0',4,1,1,'rom.MesaComposite'),(91,2,'\0','\0',4,1,1,'rom.MesaComposite'),(92,2,'\0','\0',4,1,1,'rom.MesaComposite'),(93,2,'\0','\0',4,1,1,'rom.MesaComposite'),(94,2,'\0','\0',4,1,1,'rom.MesaComposite'),(95,2,'\0','\0',4,1,1,'rom.MesaComposite'),(96,2,'\0','\0',4,1,1,'rom.MesaComposite'),(97,2,'\0','\0',4,1,1,'rom.MesaComposite'),(98,2,'\0','\0',4,1,1,'rom.MesaComposite'),(99,2,'\0','\0',4,1,1,'rom.MesaComposite'),(100,2,'\0','\0',4,1,1,'rom.MesaComposite'),(101,2,'\0','\0',4,1,1,'rom.MesaComposite'),(102,2,'\0','\0',4,1,1,'rom.MesaComposite'),(103,2,'\0','\0',4,1,1,'rom.MesaComposite'),(104,2,'\0','\0',4,1,1,'rom.MesaComposite'),(105,2,'\0','\0',4,1,1,'rom.MesaComposite'),(106,2,'\0','\0',4,1,1,'rom.MesaComposite'),(107,2,'\0','\0',4,1,1,'rom.MesaComposite'),(108,2,'\0','\0',4,1,1,'rom.MesaComposite'),(109,2,'\0','\0',4,1,1,'rom.MesaComposite'),(110,2,'\0','\0',4,1,1,'rom.MesaComposite'),(111,2,'\0','\0',4,1,1,'rom.MesaComposite'),(112,2,'\0','\0',4,1,1,'rom.MesaComposite'),(113,2,'\0','\0',4,1,1,'rom.MesaComposite'),(114,2,'\0','\0',4,1,1,'rom.MesaComposite'),(115,2,'\0','\0',4,1,1,'rom.MesaComposite'),(116,2,'\0','\0',4,1,1,'rom.MesaComposite'),(117,2,'\0','\0',4,1,1,'rom.MesaComposite'),(118,2,'\0','\0',4,1,1,'rom.MesaComposite'),(119,2,'\0','\0',4,1,1,'rom.MesaComposite'),(120,2,'\0','\0',4,1,1,'rom.MesaComposite'),(121,2,'\0','\0',4,1,1,'rom.MesaComposite'),(122,2,'\0','\0',4,1,1,'rom.MesaComposite'),(123,2,'\0','\0',4,1,1,'rom.MesaComposite'),(124,2,'\0','\0',4,1,1,'rom.MesaComposite'),(125,2,'\0','\0',4,1,1,'rom.MesaComposite'),(126,2,'\0','\0',4,1,1,'rom.MesaComposite'),(127,2,'\0','\0',4,1,1,'rom.MesaComposite'),(128,2,'\0','\0',4,1,1,'rom.MesaComposite'),(129,2,'\0','\0',4,1,1,'rom.MesaComposite'),(130,2,'\0','\0',4,1,1,'rom.MesaComposite'),(131,2,'\0','\0',4,1,1,'rom.MesaComposite'),(132,2,'\0','\0',4,1,1,'rom.MesaComposite'),(133,2,'\0','\0',4,1,1,'rom.MesaComposite'),(134,2,'\0','\0',4,1,1,'rom.MesaComposite'),(135,2,'\0','\0',4,1,1,'rom.MesaComposite'),(136,2,'\0','\0',4,1,1,'rom.MesaComposite'),(137,2,'\0','\0',4,1,1,'rom.MesaComposite'),(138,2,'\0','\0',4,1,1,'rom.MesaComposite'),(139,2,'\0','\0',4,1,1,'rom.MesaComposite'),(140,2,'\0','\0',4,1,1,'rom.MesaComposite'),(141,2,'\0','\0',4,1,1,'rom.MesaComposite'),(142,2,'\0','\0',4,1,1,'rom.MesaComposite'),(143,2,'\0','\0',4,1,1,'rom.MesaComposite'),(144,2,'\0','\0',4,1,1,'rom.MesaComposite'),(145,2,'\0','\0',4,1,1,'rom.MesaComposite'),(146,2,'\0','\0',4,1,1,'rom.MesaComposite'),(147,2,'\0','\0',4,1,1,'rom.MesaComposite'),(148,2,'\0','\0',4,1,1,'rom.MesaComposite'),(149,2,'\0','\0',4,1,1,'rom.MesaComposite'),(150,2,'\0','\0',4,1,1,'rom.MesaComposite'),(151,2,'\0','\0',4,1,1,'rom.MesaComposite'),(152,2,'\0','\0',4,1,1,'rom.MesaComposite'),(153,2,'\0','\0',4,1,1,'rom.MesaComposite'),(154,2,'\0','\0',4,1,1,'rom.MesaComposite'),(155,2,'\0','\0',4,1,1,'rom.MesaComposite'),(156,2,'\0','\0',4,1,1,'rom.MesaComposite'),(157,2,'\0','\0',4,1,1,'rom.MesaComposite'),(158,2,'\0','\0',4,1,1,'rom.MesaComposite'),(159,2,'\0','\0',4,1,1,'rom.MesaComposite'),(160,2,'\0','\0',4,1,1,'rom.MesaComposite'),(161,2,'\0','\0',4,1,1,'rom.MesaComposite'),(162,2,'\0','\0',4,1,1,'rom.MesaComposite'),(163,2,'\0','\0',4,1,1,'rom.MesaComposite'),(164,2,'\0','\0',4,1,1,'rom.MesaComposite'),(165,2,'\0','\0',4,1,1,'rom.MesaComposite'),(166,2,'\0','\0',4,1,1,'rom.MesaComposite'),(167,2,'\0','\0',4,1,1,'rom.MesaComposite'),(168,2,'\0','\0',4,1,1,'rom.MesaComposite'),(169,2,'\0','\0',4,1,1,'rom.MesaComposite'),(170,2,'\0','\0',4,1,1,'rom.MesaComposite'),(171,2,'\0','\0',4,1,1,'rom.MesaComposite'),(172,2,'\0','\0',4,1,1,'rom.MesaComposite'),(173,2,'\0','\0',4,1,1,'rom.MesaComposite'),(174,2,'\0','\0',4,1,1,'rom.MesaComposite'),(175,2,'\0','\0',4,1,1,'rom.MesaComposite'),(176,2,'\0','\0',4,1,1,'rom.MesaComposite'),(177,2,'\0','\0',4,1,1,'rom.MesaComposite'),(178,2,'\0','\0',4,1,1,'rom.MesaComposite'),(179,2,'\0','\0',4,1,1,'rom.MesaComposite'),(180,2,'\0','\0',4,1,1,'rom.MesaComposite'),(181,2,'\0','\0',4,1,1,'rom.MesaComposite'),(182,2,'\0','\0',4,1,1,'rom.MesaComposite'),(183,2,'\0','\0',4,1,1,'rom.MesaComposite'),(184,2,'\0','\0',4,1,1,'rom.MesaComposite'),(185,2,'\0','\0',4,1,1,'rom.MesaComposite'),(186,2,'\0','\0',4,1,1,'rom.MesaComposite'),(187,2,'\0','\0',4,1,1,'rom.MesaComposite'),(188,2,'\0','\0',4,1,1,'rom.MesaComposite'),(189,2,'\0','\0',4,1,1,'rom.MesaComposite'),(190,2,'\0','\0',4,1,1,'rom.MesaComposite'),(191,2,'\0','\0',4,1,1,'rom.MesaComposite'),(192,2,'\0','\0',4,1,1,'rom.MesaComposite'),(193,2,'\0','\0',4,1,1,'rom.MesaComposite'),(194,2,'\0','\0',4,1,1,'rom.MesaComposite'),(195,2,'\0','\0',4,1,1,'rom.MesaComposite'),(196,2,'\0','\0',4,1,1,'rom.MesaComposite'),(197,2,'\0','\0',4,1,1,'rom.MesaComposite'),(198,2,'\0','\0',4,1,1,'rom.MesaComposite'),(199,2,'\0','\0',4,1,1,'rom.MesaComposite'),(200,2,'\0','\0',4,1,1,'rom.MesaComposite'),(201,2,'\0','\0',4,1,1,'rom.MesaComposite'),(202,2,'\0','\0',4,1,1,'rom.MesaComposite'),(203,2,'\0','\0',4,1,1,'rom.MesaComposite'),(204,2,'\0','\0',4,1,1,'rom.MesaComposite'),(205,2,'\0','\0',4,1,1,'rom.MesaComposite'),(206,2,'\0','\0',4,1,1,'rom.MesaComposite'),(207,2,'\0','\0',4,1,1,'rom.MesaComposite'),(208,2,'\0','\0',4,1,1,'rom.MesaComposite'),(209,2,'\0','\0',4,1,1,'rom.MesaComposite');
/*!40000 ALTER TABLE `mesa` ENABLE KEYS */;
UNLOCK TABLES;

--
-- Table structure for table `mesa_composite_mesa`
--

DROP TABLE IF EXISTS `mesa_composite_mesa`;
/*!40101 SET @saved_cs_client     = @@character_set_client */;
/*!40101 SET character_set_client = utf8 */;
CREATE TABLE `mesa_composite_mesa` (
  `mesa_composite_mesas_id` bigint(20) DEFAULT NULL,
  `mesa_id` bigint(20) DEFAULT NULL,
  KEY `FK266BE81727A97578` (`mesa_id`),
  KEY `FK266BE817AEEF3481` (`mesa_composite_mesas_id`),
  CONSTRAINT `FK266BE817AEEF3481` FOREIGN KEY (`mesa_composite_mesas_id`) REFERENCES `mesa` (`id`),
  CONSTRAINT `FK266BE81727A97578` FOREIGN KEY (`mesa_id`) REFERENCES `mesa` (`id`)
) ENGINE=InnoDB DEFAULT CHARSET=latin1;
/*!40101 SET character_set_client = @saved_cs_client */;

--
-- Dumping data for table `mesa_composite_mesa`
--

LOCK TABLES `mesa_composite_mesa` WRITE;
/*!40000 ALTER TABLE `mesa_composite_mesa` DISABLE KEYS */;
INSERT INTO `mesa_composite_mesa` VALUES (6,1),(7,1),(8,1),(9,1),(10,1),(11,1),(12,1),(13,1),(14,1),(15,1),(16,1),(17,1),(18,1),(19,1),(20,1),(21,1),(22,1),(23,1),(24,1),(25,1),(26,1),(27,1),(28,1),(29,1),(30,1),(31,1),(32,1),(33,1),(34,1),(35,1),(36,1),(37,1),(38,1),(39,1),(40,1),(41,1),(42,1),(43,1),(44,1),(45,1),(46,1),(47,1),(48,1),(49,1),(50,1),(51,1),(52,1),(53,1),(54,1),(55,1),(56,1),(57,1),(58,1),(59,1),(60,1),(61,1),(62,1),(63,1),(64,1),(65,1),(66,1),(67,1),(68,1),(69,1),(70,1),(71,1),(72,1),(73,1),(74,1),(75,1),(76,1),(77,1),(78,1),(79,1),(80,1),(81,1),(82,1),(83,1),(84,1),(85,1),(86,1),(87,1),(88,1),(89,1),(90,1),(91,1),(92,1),(93,1),(94,1),(95,1),(96,1),(97,1),(98,1),(99,1),(100,1),(101,1),(102,1),(103,1),(104,1),(105,1),(106,1),(107,1),(108,1),(109,1),(110,1),(111,1),(112,1),(113,1),(114,1),(115,1),(116,1),(117,1),(118,1),(119,1),(120,1),(121,1),(122,1),(123,1),(124,1),(125,1),(126,1),(127,1),(128,1),(129,1),(130,1),(131,1),(132,1),(133,1),(134,1),(135,1),(136,1),(137,1),(138,1),(139,1),(140,1),(141,1),(142,1),(143,1),(144,1),(145,1),(146,1),(147,1),(148,1),(149,1),(150,1),(151,1),(152,1),(153,1),(154,1),(155,1),(156,1),(157,1),(158,1),(159,1),(160,1),(161,1),(162,1),(163,1),(164,1),(165,1),(166,1),(167,1),(168,1),(169,1),(170,1),(171,1),(172,1),(173,1),(174,1),(175,1),(176,1),(177,1),(178,1),(179,1),(180,1),(181,1),(182,1),(183,1),(184,1),(185,1),(186,1),(187,1),(188,1),(189,1),(190,1),(191,1),(192,1),(193,1),(194,1),(195,1),(196,1),(197,1),(198,1),(199,1),(200,1),(201,1),(202,1),(203,1),(204,1),(205,1),(206,1),(207,1),(208,1),(209,1);
/*!40000 ALTER TABLE `mesa_composite_mesa` ENABLE KEYS */;
UNLOCK TABLES;

--
-- Table structure for table `mozo`
--

DROP TABLE IF EXISTS `mozo`;
/*!40101 SET @saved_cs_client     = @@character_set_client */;
/*!40101 SET character_set_client = utf8 */;
CREATE TABLE `mozo` (
  `id` bigint(20) NOT NULL,
  `activo` bit(1) DEFAULT NULL,
  `apellido` varchar(50) DEFAULT NULL,
  `nombre` varchar(50) DEFAULT NULL,
  `numero_legajo` bigint(20) DEFAULT NULL,
  `restaurant_id` bigint(20) DEFAULT NULL,
  PRIMARY KEY (`id`),
  UNIQUE KEY `restaurant_id` (`restaurant_id`,`numero_legajo`),
  KEY `FK333C57CA164B98` (`restaurant_id`),
  CONSTRAINT `FK333C57CA164B98` FOREIGN KEY (`restaurant_id`) REFERENCES `restaurant` (`id`)
) ENGINE=InnoDB DEFAULT CHARSET=latin1;
/*!40101 SET character_set_client = @saved_cs_client */;

--
-- Dumping data for table `mozo`
--

LOCK TABLES `mozo` WRITE;
/*!40000 ALTER TABLE `mozo` DISABLE KEYS */;
INSERT INTO `mozo` VALUES (5,'','Perez','Juan',4567,1),(6,'','Martinez','Pedro',1234,1);
/*!40000 ALTER TABLE `mozo` ENABLE KEYS */;
UNLOCK TABLES;

--
-- Table structure for table `notificacion`
--

DROP TABLE IF EXISTS `notificacion`;
/*!40101 SET @saved_cs_client     = @@character_set_client */;
/*!40101 SET character_set_client = utf8 */;
CREATE TABLE `notificacion` (
  `id` bigint(20) NOT NULL AUTO_INCREMENT,
  `version` bigint(20) NOT NULL,
  `fue_enviada` bit(1) NOT NULL,
  `id_destino` bigint(20) NOT NULL,
  `id_origen` bigint(20) NOT NULL,
  `mensaje` varchar(255) NOT NULL,
  `titulo` varchar(255) NOT NULL,
  PRIMARY KEY (`id`)
) ENGINE=InnoDB AUTO_INCREMENT=529 DEFAULT CHARSET=latin1;
/*!40101 SET character_set_client = @saved_cs_client */;

--
-- Dumping data for table `notificacion`
--

LOCK TABLES `notificacion` WRITE;
/*!40000 ALTER TABLE `notificacion` DISABLE KEYS */;
INSERT INTO `notificacion` VALUES (1,0,'',5,5,'Retirar: Provoleta','Mesa 1'),(2,0,'',5,5,'Retirar: Provoleta','Mesa 1'),(3,0,'',5,5,'Retirar: Provoleta','Mesa 1'),(4,0,'',5,5,'Retirar: Provoleta','Mesa 1'),(5,0,'',5,5,'Retirar: Tallarines','Mesa 1'),(6,0,'',5,5,'Retirar: Tallarines','Mesa 1'),(7,0,'',5,5,'Retirar: Tallarines','Mesa 1'),(8,0,'',5,5,'Retirar: Tallarines','Mesa 1'),(9,0,'',5,5,'Retirar: Tira de asado','Mesa 1'),(10,0,'',5,5,'Retirar: Tomates Rellenos','Mesa 1'),(11,0,'',5,5,'Retirar: Tomates Rellenos','Mesa 1'),(12,0,'',5,5,'Retirar: Tomates Rellenos','Mesa 1'),(13,0,'',5,5,'Retirar: Mocilla','Mesa 1'),(14,0,'',5,5,'Retirar: Mocilla','Mesa 1'),(15,0,'',5,5,'Retirar: Mocilla','Mesa 1'),(16,0,'',5,5,'Retirar: Tallarines','Mesa 1'),(17,0,'',5,5,'Retirar: Tallarines','Mesa 1'),(18,0,'',5,5,'Retirar: Tallarines','Mesa 1'),(19,0,'',5,5,'Retirar: Tallarines','Mesa 1'),(20,0,'',5,5,'Retirar: Tomates Rellenos','Mesa 1'),(21,0,'',5,5,'Retirar: Tomates Rellenos','Mesa 1'),(22,0,'',5,5,'Retirar: Tomates Rellenos','Mesa 1'),(23,0,'',5,5,'Retirar: Tomates Rellenos','Mesa 1'),(24,0,'',5,5,'Retirar: Tallarines','Mesa 1'),(25,0,'',5,5,'Retirar: Mocilla','Mesa 1'),(26,0,'',5,5,'Retirar: Mocilla','Mesa 1'),(27,0,'',5,5,'Retirar: Mocilla','Mesa 1'),(28,0,'',5,5,'Retirar: Mocilla','Mesa 1'),(29,0,'',5,5,'Retirar: Sorrentinos','Mesa 1'),(30,0,'',5,5,'Retirar: Chorizo','Mesa 1'),(31,0,'',5,5,'Retirar: Chorizo','Mesa 1'),(32,0,'',5,5,'Retirar: Chorizo','Mesa 1'),(33,0,'',5,5,'Retirar: Chorizo','Mesa 1'),(34,0,'',5,5,'Retirar: Mocilla','Mesa 1'),(35,0,'',5,5,'Retirar: Tira de asado','Mesa 1'),(36,0,'',5,5,'Retirar: Langostinos','Mesa 1'),(37,0,'',5,5,'Retirar: Chorizo','Mesa 1'),(38,0,'',5,5,'Retirar: Chorizo','Mesa 1'),(39,0,'',5,5,'Retirar: Provoleta','Mesa 1'),(40,0,'',5,5,'Retirar: Provoleta','Mesa 1'),(41,0,'',5,5,'Retirar: Tallarines','Mesa 1'),(42,0,'',5,5,'Retirar: Tallarines','Mesa 1'),(43,0,'',5,5,'Retirar: Tallarines','Mesa 1'),(44,0,'',5,5,'Retirar: Mocilla','Mesa 1'),(45,0,'',5,5,'Retirar: Mocilla','Mesa 1'),(46,0,'',5,5,'Retirar: Mocilla','Mesa 1'),(47,0,'',5,5,'Retirar: Bife de costilla','Mesa 1'),(48,0,'',5,5,'Retirar: Bife de costilla','Mesa 1'),(49,0,'',5,5,'Retirar: Bife de costilla','Mesa 1'),(50,0,'',5,5,'Retirar: Bife de costilla','Mesa 1'),(51,0,'',5,5,'Retirar: Chorizo','Mesa 1'),(52,0,'',5,5,'Retirar: Chorizo','Mesa 1'),(53,0,'',5,5,'Retirar: Provoleta','Mesa 1'),(54,0,'',5,5,'Retirar: Provoleta','Mesa 1'),(55,0,'',5,5,'Retirar: Provoleta','Mesa 1'),(56,0,'',5,5,'Retirar: Langostinos','Mesa 1'),(57,0,'',5,5,'Retirar: Tallarines','Mesa 1'),(58,0,'',5,5,'Retirar: Tallarines','Mesa 1'),(59,0,'',5,5,'Retirar: Tallarines','Mesa 1'),(60,0,'',5,5,'Retirar: Tallarines','Mesa 1'),(61,0,'',5,5,'Retirar: Ravioles','Mesa 1'),(62,0,'',5,5,'Retirar: Ravioles','Mesa 1'),(63,0,'',5,5,'Retirar: Rabas','Mesa 1'),(64,0,'',5,5,'Retirar: Rabas','Mesa 1'),(65,0,'',5,5,'Retirar: Ravioles','Mesa 1'),(66,0,'',5,5,'Retirar: Ravioles','Mesa 1'),(67,0,'',5,5,'Retirar: Tallarines','Mesa 1'),(68,0,'',5,5,'Retirar: Tallarines','Mesa 1'),(69,0,'',5,5,'Retirar: Tallarines','Mesa 1'),(70,0,'',5,5,'Retirar: Tallarines','Mesa 1'),(71,0,'',5,5,'Retirar: Provoleta','Mesa 1'),(72,0,'',5,5,'Retirar: Provoleta','Mesa 1'),(73,0,'',5,5,'Retirar: Provoleta','Mesa 1'),(74,0,'',5,5,'Retirar: Provoleta','Mesa 1'),(75,0,'',5,5,'Retirar: Bife de costilla','Mesa 1'),(76,0,'',5,5,'Retirar: Tira de asado','Mesa 1'),(77,0,'',5,5,'Retirar: Tira de asado','Mesa 1'),(78,0,'',5,5,'Retirar: Bife de costilla','Mesa 1'),(79,0,'',5,5,'Retirar: Bife de costilla','Mesa 1'),(80,0,'',5,5,'Retirar: Tira de asado','Mesa 1'),(81,0,'',5,5,'Retirar: Tira de asado','Mesa 1'),(82,0,'',5,5,'Retirar: Tira de asado','Mesa 1'),(83,0,'',5,5,'Retirar: Tira de asado','Mesa 1'),(84,0,'',5,5,'Retirar: Ravioles','Mesa 1'),(85,0,'',5,5,'Retirar: Ravioles','Mesa 1'),(86,0,'',5,5,'Retirar: Mocilla','Mesa 1'),(87,0,'',5,5,'Retirar: Mocilla','Mesa 1'),(88,0,'',5,5,'Retirar: Mocilla','Mesa 1'),(89,0,'',5,5,'Retirar: Tomates Rellenos','Mesa 1'),(90,0,'',5,5,'Retirar: Tomates Rellenos','Mesa 1'),(91,0,'',5,5,'Retirar: Tomates Rellenos','Mesa 1'),(92,0,'',5,5,'Retirar: Rabas','Mesa 1'),(93,0,'',5,5,'Retirar: Rabas','Mesa 1'),(94,0,'',5,5,'Retirar: Rabas','Mesa 1'),(95,0,'',5,5,'Retirar: Sorrentinos','Mesa 1'),(96,0,'',5,5,'Retirar: Mayonesa de ave o atún','Mesa 1'),(97,0,'',5,5,'Retirar: Bife de costilla','Mesa 1'),(98,0,'',5,5,'Retirar: Bife de costilla','Mesa 1'),(99,0,'',5,5,'Retirar: Bife de costilla','Mesa 1'),(100,0,'',5,5,'Retirar: Bife de costilla','Mesa 1'),(101,0,'',5,5,'Retirar: Langostinos','Mesa 1'),(102,0,'',5,5,'Retirar: Langostinos','Mesa 1'),(103,0,'',5,5,'Retirar: Bife de costilla','Mesa 1'),(104,0,'',5,5,'Retirar: Bife de costilla','Mesa 1'),(105,0,'',5,5,'Retirar: Bife de costilla','Mesa 1'),(106,0,'',5,5,'Retirar: Bife de costilla','Mesa 1'),(107,0,'',5,5,'Retirar: Mayonesa de ave o atún','Mesa 1'),(108,0,'',5,5,'Retirar: Mayonesa de ave o atún','Mesa 1'),(109,0,'',5,5,'Retirar: Mayonesa de ave o atún','Mesa 1'),(110,0,'',5,5,'Retirar: Mayonesa de ave o atún','Mesa 1'),(111,0,'',5,5,'Retirar: Mayonesa de ave o atún','Mesa 1'),(112,0,'',5,5,'Retirar: Mayonesa de ave o atún','Mesa 1'),(113,0,'',5,5,'Retirar: Provoleta','Mesa 1'),(114,0,'',5,5,'Retirar: Provoleta','Mesa 1'),(115,0,'',5,5,'Retirar: Provoleta','Mesa 1'),(116,0,'',5,5,'Retirar: Langostinos','Mesa 1'),(117,0,'',5,5,'Retirar: Langostinos','Mesa 1'),(118,0,'',5,5,'Retirar: Langostinos','Mesa 1'),(119,0,'',5,5,'Retirar: Tomates Rellenos','Mesa 1'),(120,0,'',5,5,'Retirar: Chorizo','Mesa 1'),(121,0,'',5,5,'Retirar: Chorizo','Mesa 1'),(122,0,'',5,5,'Retirar: Chorizo','Mesa 1'),(123,0,'',5,5,'Retirar: Langostinos','Mesa 1'),(124,0,'',5,5,'Retirar: Langostinos','Mesa 1'),(125,0,'',5,5,'Retirar: Tallarines','Mesa 1'),(126,0,'',5,5,'Retirar: Tallarines','Mesa 1'),(127,0,'',5,5,'Retirar: Mocilla','Mesa 1'),(128,0,'',5,5,'Retirar: Mocilla','Mesa 1'),(129,0,'',5,5,'Retirar: Mocilla','Mesa 1'),(130,0,'',5,5,'Retirar: Mocilla','Mesa 1'),(131,0,'',5,5,'Retirar: Mocilla','Mesa 1'),(132,0,'',5,5,'Retirar: Bife de costilla','Mesa 1'),(133,0,'',5,5,'Retirar: Rabas','Mesa 1'),(134,0,'',5,5,'Retirar: Rabas','Mesa 1'),(135,0,'',5,5,'Retirar: Rabas','Mesa 1'),(136,0,'',5,5,'Retirar: Rabas','Mesa 1'),(137,0,'',5,5,'Retirar: Provoleta','Mesa 1'),(138,0,'',5,5,'Retirar: Provoleta','Mesa 1'),(139,0,'',5,5,'Retirar: Provoleta','Mesa 1'),(140,0,'',5,5,'Retirar: Sorrentinos','Mesa 1'),(141,0,'',5,5,'Retirar: Ravioles','Mesa 1'),(142,0,'',5,5,'Retirar: Ravioles','Mesa 1'),(143,0,'',5,5,'Retirar: Ravioles','Mesa 1'),(144,0,'',5,5,'Retirar: Chorizo','Mesa 1'),(145,0,'',5,5,'Retirar: Chorizo','Mesa 1'),(146,0,'',5,5,'Retirar: Chorizo','Mesa 1'),(147,0,'',5,5,'Retirar: Rabas','Mesa 1'),(148,0,'',5,5,'Retirar: Rabas','Mesa 1'),(149,0,'',5,5,'Retirar: Rabas','Mesa 1'),(150,0,'',5,5,'Retirar: Tallarines','Mesa 1'),(151,0,'',5,5,'Retirar: Tallarines','Mesa 1'),(152,0,'',5,5,'Retirar: Tallarines','Mesa 1'),(153,0,'',5,5,'Retirar: Tallarines','Mesa 1'),(154,0,'',5,5,'Retirar: Tallarines','Mesa 1'),(155,0,'',5,5,'Retirar: Tallarines','Mesa 1'),(156,0,'',5,5,'Retirar: Tallarines','Mesa 1'),(157,0,'',5,5,'Retirar: Tallarines','Mesa 1'),(158,0,'',5,5,'Retirar: Langostinos','Mesa 1'),(159,0,'',5,5,'Retirar: Langostinos','Mesa 1'),(160,0,'',5,5,'Retirar: Langostinos','Mesa 1'),(161,0,'',5,5,'Retirar: Mocilla','Mesa 1'),(162,0,'',5,5,'Retirar: Mocilla','Mesa 1'),(163,0,'',5,5,'Retirar: Tira de asado','Mesa 1'),(164,0,'',5,5,'Retirar: Tira de asado','Mesa 1'),(165,0,'',5,5,'Retirar: Bife de costilla','Mesa 1'),(166,0,'',5,5,'Retirar: Bife de costilla','Mesa 1'),(167,0,'',5,5,'Retirar: Ravioles','Mesa 1'),(168,0,'',5,5,'Retirar: Mocilla','Mesa 1'),(169,0,'',5,5,'Retirar: Mocilla','Mesa 1'),(170,0,'',5,5,'Retirar: Mocilla','Mesa 1'),(171,0,'',5,5,'Retirar: Ravioles','Mesa 1'),(172,0,'',5,5,'Retirar: Ravioles','Mesa 1'),(173,0,'',5,5,'Retirar: Ravioles','Mesa 1'),(174,0,'',5,5,'Retirar: Tira de asado','Mesa 1'),(175,0,'',5,5,'Retirar: Tira de asado','Mesa 1'),(176,0,'',5,5,'Retirar: Ravioles','Mesa 1'),(177,0,'',5,5,'Retirar: Ravioles','Mesa 1'),(178,0,'',5,5,'Retirar: Mocilla','Mesa 1'),(179,0,'',5,5,'Retirar: Bife de costilla','Mesa 1'),(180,0,'',5,5,'Retirar: Bife de costilla','Mesa 1'),(181,0,'',5,5,'Retirar: Bife de costilla','Mesa 1'),(182,0,'',5,5,'Retirar: Tira de asado','Mesa 1'),(183,0,'',5,5,'Retirar: Tira de asado','Mesa 1'),(184,0,'',5,5,'Retirar: Mocilla','Mesa 1'),(185,0,'',5,5,'Retirar: Mayonesa de ave o atún','Mesa 1'),(186,0,'',5,5,'Retirar: Tomates Rellenos','Mesa 1'),(187,0,'',5,5,'Retirar: Tomates Rellenos','Mesa 1'),(188,0,'',5,5,'Retirar: Tomates Rellenos','Mesa 1'),(189,0,'',5,5,'Retirar: Tira de asado','Mesa 1'),(190,0,'',5,5,'Retirar: Tira de asado','Mesa 1'),(191,0,'',5,5,'Retirar: Tira de asado','Mesa 1'),(192,0,'',5,5,'Retirar: Tira de asado','Mesa 1'),(193,0,'',5,5,'Retirar: Mayonesa de ave o atún','Mesa 1'),(194,0,'',5,5,'Retirar: Langostinos','Mesa 1'),(195,0,'',5,5,'Retirar: Rabas','Mesa 1'),(196,0,'',5,5,'Retirar: Rabas','Mesa 1'),(197,0,'',5,5,'Retirar: Rabas','Mesa 1'),(198,0,'',5,5,'Retirar: Rabas','Mesa 1'),(199,0,'',5,5,'Retirar: Sorrentinos','Mesa 1'),(200,0,'',5,5,'Retirar: Mocilla','Mesa 1'),(201,0,'',5,5,'Retirar: Mocilla','Mesa 1'),(202,0,'',5,5,'Retirar: Mocilla','Mesa 1'),(203,0,'',5,5,'Retirar: Provoleta','Mesa 1'),(204,0,'',5,5,'Retirar: Provoleta','Mesa 1'),(205,0,'',5,5,'Retirar: Mayonesa de ave o atún','Mesa 1'),(206,0,'',5,5,'Retirar: Mayonesa de ave o atún','Mesa 1'),(207,0,'',5,5,'Retirar: Mayonesa de ave o atún','Mesa 1'),(208,0,'',5,5,'Retirar: Mayonesa de ave o atún','Mesa 1'),(209,0,'',5,5,'Retirar: Tallarines','Mesa 1'),(210,0,'',5,5,'Retirar: Tallarines','Mesa 1'),(211,0,'',5,5,'Retirar: Bife de costilla','Mesa 1'),(212,0,'',5,5,'Retirar: Bife de costilla','Mesa 1'),(213,0,'',5,5,'Retirar: Bife de costilla','Mesa 1'),(214,0,'',5,5,'Retirar: Tallarines','Mesa 1'),(215,0,'',5,5,'Retirar: Tallarines','Mesa 1'),(216,0,'',5,5,'Retirar: Tallarines','Mesa 1'),(217,0,'',5,5,'Retirar: Sorrentinos','Mesa 1'),(218,0,'',5,5,'Retirar: Sorrentinos','Mesa 1'),(219,0,'',5,5,'Retirar: Sorrentinos','Mesa 1'),(220,0,'',5,5,'Retirar: Sorrentinos','Mesa 1'),(221,0,'',5,5,'Retirar: Tira de asado','Mesa 1'),(222,0,'',5,5,'Retirar: Tira de asado','Mesa 1'),(223,0,'',5,5,'Retirar: Tira de asado','Mesa 1'),(224,0,'',5,5,'Retirar: Tira de asado','Mesa 1'),(225,0,'',5,5,'Retirar: Tallarines','Mesa 1'),(226,0,'',5,5,'Retirar: Tallarines','Mesa 1'),(227,0,'',5,5,'Retirar: Tallarines','Mesa 1'),(228,0,'',5,5,'Retirar: Sorrentinos','Mesa 1'),(229,0,'',5,5,'Retirar: Sorrentinos','Mesa 1'),(230,0,'',5,5,'Retirar: Sorrentinos','Mesa 1'),(231,0,'',5,5,'Retirar: Tira de asado','Mesa 1'),(232,0,'',5,5,'Retirar: Tira de asado','Mesa 1'),(233,0,'',5,5,'Retirar: Bife de costilla','Mesa 1'),(234,0,'',5,5,'Retirar: Bife de costilla','Mesa 1'),(235,0,'',5,5,'Retirar: Bife de costilla','Mesa 1'),(236,0,'',5,5,'Retirar: Bife de costilla','Mesa 1'),(237,0,'',5,5,'Retirar: Tomates Rellenos','Mesa 1'),(238,0,'',5,5,'Retirar: Sorrentinos','Mesa 1'),(239,0,'',5,5,'Retirar: Sorrentinos','Mesa 1'),(240,0,'',5,5,'Retirar: Sorrentinos','Mesa 1'),(241,0,'',5,5,'Retirar: Sorrentinos','Mesa 1'),(242,0,'',5,5,'Retirar: Sorrentinos','Mesa 1'),(243,0,'',5,5,'Retirar: Tira de asado','Mesa 1'),(244,0,'',5,5,'Retirar: Tira de asado','Mesa 1'),(245,0,'',5,5,'Retirar: Tira de asado','Mesa 1'),(246,0,'',5,5,'Retirar: Mayonesa de ave o atún','Mesa 1'),(247,0,'',5,5,'Retirar: Mayonesa de ave o atún','Mesa 1'),(248,0,'',5,5,'Retirar: Mayonesa de ave o atún','Mesa 1'),(249,0,'',5,5,'Retirar: Langostinos','Mesa 1'),(250,0,'',5,5,'Retirar: Mayonesa de ave o atún','Mesa 1'),(251,0,'',5,5,'Retirar: Mayonesa de ave o atún','Mesa 1'),(252,0,'',5,5,'Retirar: Mocilla','Mesa 1'),(253,0,'',5,5,'Retirar: Mocilla','Mesa 1'),(254,0,'',5,5,'Retirar: Chorizo','Mesa 1'),(255,0,'',5,5,'Retirar: Chorizo','Mesa 1'),(256,0,'',5,5,'Retirar: Chorizo','Mesa 1'),(257,0,'',5,5,'Retirar: Chorizo','Mesa 1'),(258,0,'',5,5,'Retirar: Tira de asado','Mesa 1'),(259,0,'',5,5,'Retirar: Tira de asado','Mesa 1'),(260,0,'',5,5,'Retirar: Tallarines','Mesa 1'),(261,0,'',5,5,'Retirar: Tallarines','Mesa 1'),(262,0,'',5,5,'Retirar: Langostinos','Mesa 1'),(263,0,'',5,5,'Retirar: Langostinos','Mesa 1'),(264,0,'',5,5,'Retirar: Langostinos','Mesa 1'),(265,0,'',5,5,'Retirar: Langostinos','Mesa 1'),(266,0,'',5,5,'Retirar: Bife de costilla','Mesa 1'),(267,0,'',5,5,'Retirar: Bife de costilla','Mesa 1'),(268,0,'',5,5,'Retirar: Bife de costilla','Mesa 1'),(269,0,'',5,5,'Retirar: Bife de costilla','Mesa 1'),(270,0,'',5,5,'Retirar: Mayonesa de ave o atún','Mesa 1'),(271,0,'',5,5,'Retirar: Mayonesa de ave o atún','Mesa 1'),(272,0,'',5,5,'Retirar: Ravioles','Mesa 1'),(273,0,'',5,5,'Retirar: Ravioles','Mesa 1'),(274,0,'',5,5,'Retirar: Bife de costilla','Mesa 1'),(275,0,'',5,5,'Retirar: Bife de costilla','Mesa 1'),(276,0,'',5,5,'Retirar: Bife de costilla','Mesa 1'),(277,0,'',5,5,'Retirar: Bife de costilla','Mesa 1'),(278,0,'',5,5,'Retirar: Tomates Rellenos','Mesa 1'),(279,0,'',5,5,'Retirar: Tomates Rellenos','Mesa 1'),(280,0,'',5,5,'Retirar: Tira de asado','Mesa 1'),(281,0,'',5,5,'Retirar: Chorizo','Mesa 1'),(282,0,'',5,5,'Retirar: Chorizo','Mesa 1'),(283,0,'',5,5,'Retirar: Chorizo','Mesa 1'),(284,0,'',5,5,'Retirar: Chorizo','Mesa 1'),(285,0,'',5,5,'Retirar: Mayonesa de ave o atún','Mesa 1'),(286,0,'',5,5,'Retirar: Chorizo','Mesa 1'),(287,0,'',5,5,'Retirar: Chorizo','Mesa 1'),(288,0,'',5,5,'Retirar: Chorizo','Mesa 1'),(289,0,'',5,5,'Retirar: Mocilla','Mesa 1'),(290,0,'',5,5,'Retirar: Mocilla','Mesa 1'),(291,0,'',5,5,'Retirar: Mocilla','Mesa 1'),(292,0,'',5,5,'Retirar: Mocilla','Mesa 1'),(293,0,'',5,5,'Retirar: Tira de asado','Mesa 1'),(294,0,'',5,5,'Retirar: Tira de asado','Mesa 1'),(295,0,'',5,5,'Retirar: Bife de costilla','Mesa 1'),(296,0,'',5,5,'Retirar: Tomates Rellenos','Mesa 1'),(297,0,'',5,5,'Retirar: Tomates Rellenos','Mesa 1'),(298,0,'',5,5,'Retirar: Tomates Rellenos','Mesa 1'),(299,0,'',5,5,'Retirar: Bife de costilla','Mesa 1'),(300,0,'',5,5,'Retirar: Bife de costilla','Mesa 1'),(301,0,'',5,5,'Retirar: Bife de costilla','Mesa 1'),(302,0,'',5,5,'Retirar: Bife de costilla','Mesa 1'),(303,0,'',5,5,'Retirar: Provoleta','Mesa 1'),(304,0,'',5,5,'Retirar: Provoleta','Mesa 1'),(305,0,'',5,5,'Retirar: Langostinos','Mesa 1'),(306,0,'',5,5,'Retirar: Langostinos','Mesa 1'),(307,0,'',5,5,'Retirar: Langostinos','Mesa 1'),(308,0,'',5,5,'Retirar: Chorizo','Mesa 1'),(309,0,'',5,5,'Retirar: Sorrentinos','Mesa 1'),(310,0,'',5,5,'Retirar: Sorrentinos','Mesa 1'),(311,0,'',5,5,'Retirar: Sorrentinos','Mesa 1'),(312,0,'',5,5,'Retirar: Sorrentinos','Mesa 1'),(313,0,'',5,5,'Retirar: Langostinos','Mesa 1'),(314,0,'',5,5,'Retirar: Langostinos','Mesa 1'),(315,0,'',5,5,'Retirar: Langostinos','Mesa 1'),(316,0,'',5,5,'Retirar: Mayonesa de ave o atún','Mesa 1'),(317,0,'',5,5,'Retirar: Mayonesa de ave o atún','Mesa 1'),(318,0,'',5,5,'Retirar: Mayonesa de ave o atún','Mesa 1'),(319,0,'',5,5,'Retirar: Mayonesa de ave o atún','Mesa 1'),(320,0,'',5,5,'Retirar: Mocilla','Mesa 1'),(321,0,'',5,5,'Retirar: Mocilla','Mesa 1'),(322,0,'',5,5,'Retirar: Mocilla','Mesa 1'),(323,0,'',5,5,'Retirar: Tira de asado','Mesa 1'),(324,0,'',5,5,'Retirar: Tira de asado','Mesa 1'),(325,0,'',5,5,'Retirar: Tira de asado','Mesa 1'),(326,0,'',5,5,'Retirar: Tallarines','Mesa 1'),(327,0,'',5,5,'Retirar: Tallarines','Mesa 1'),(328,0,'',5,5,'Retirar: Tomates Rellenos','Mesa 1'),(329,0,'',5,5,'Retirar: Tomates Rellenos','Mesa 1'),(330,0,'',5,5,'Retirar: Tomates Rellenos','Mesa 1'),(331,0,'',5,5,'Retirar: Tomates Rellenos','Mesa 1'),(332,0,'',5,5,'Retirar: Chorizo','Mesa 1'),(333,0,'',5,5,'Retirar: Chorizo','Mesa 1'),(334,0,'',5,5,'Retirar: Chorizo','Mesa 1'),(335,0,'',5,5,'Retirar: Chorizo','Mesa 1'),(336,0,'',5,5,'Retirar: Bife de costilla','Mesa 1'),(337,0,'',5,5,'Retirar: Bife de costilla','Mesa 1'),(338,0,'',5,5,'Retirar: Sorrentinos','Mesa 1'),(339,0,'',5,5,'Retirar: Sorrentinos','Mesa 1'),(340,0,'',5,5,'Retirar: Ravioles','Mesa 1'),(341,0,'',5,5,'Retirar: Mocilla','Mesa 1'),(342,0,'',5,5,'Retirar: Mocilla','Mesa 1'),(343,0,'',5,5,'Retirar: Mocilla','Mesa 1'),(344,0,'',5,5,'Retirar: Mocilla','Mesa 1'),(345,0,'',5,5,'Retirar: Mocilla','Mesa 1'),(346,0,'',5,5,'Retirar: Langostinos','Mesa 1'),(347,0,'',5,5,'Retirar: Langostinos','Mesa 1'),(348,0,'',5,5,'Retirar: Tira de asado','Mesa 1'),(349,0,'',5,5,'Retirar: Tira de asado','Mesa 1'),(350,0,'',5,5,'Retirar: Mayonesa de ave o atún','Mesa 1'),(351,0,'',5,5,'Retirar: Mayonesa de ave o atún','Mesa 1'),(352,0,'',5,5,'Retirar: Mayonesa de ave o atún','Mesa 1'),(353,0,'',5,5,'Retirar: Sorrentinos','Mesa 1'),(354,0,'',5,5,'Retirar: Sorrentinos','Mesa 1'),(355,0,'',5,5,'Retirar: Sorrentinos','Mesa 1'),(356,0,'',5,5,'Retirar: Sorrentinos','Mesa 1'),(357,0,'',5,5,'Retirar: Chorizo','Mesa 1'),(358,0,'',5,5,'Retirar: Chorizo','Mesa 1'),(359,0,'',5,5,'Retirar: Chorizo','Mesa 1'),(360,0,'',5,5,'Retirar: Mocilla','Mesa 1'),(361,0,'',5,5,'Retirar: Mocilla','Mesa 1'),(362,0,'',5,5,'Retirar: Ravioles','Mesa 1'),(363,0,'',5,5,'Retirar: Ravioles','Mesa 1'),(364,0,'',5,5,'Retirar: Ravioles','Mesa 1'),(365,0,'',5,5,'Retirar: Ravioles','Mesa 1'),(366,0,'',5,5,'Retirar: Bife de costilla','Mesa 1'),(367,0,'',5,5,'Retirar: Tomates Rellenos','Mesa 1'),(368,0,'',5,5,'Retirar: Tomates Rellenos','Mesa 1'),(369,0,'',5,5,'Retirar: Tomates Rellenos','Mesa 1'),(370,0,'',5,5,'Retirar: Chorizo','Mesa 1'),(371,0,'',5,5,'Retirar: Chorizo','Mesa 1'),(372,0,'',5,5,'Retirar: Chorizo','Mesa 1'),(373,0,'',5,5,'Retirar: Bife de costilla','Mesa 1'),(374,0,'',5,5,'Retirar: Bife de costilla','Mesa 1'),(375,0,'',5,5,'Retirar: Bife de costilla','Mesa 1'),(376,0,'',5,5,'Retirar: Bife de costilla','Mesa 1'),(377,0,'',5,5,'Retirar: Provoleta','Mesa 1'),(378,0,'',5,5,'Retirar: Provoleta','Mesa 1'),(379,0,'',5,5,'Retirar: Provoleta','Mesa 1'),(380,0,'',5,5,'Retirar: Provoleta','Mesa 1'),(381,0,'',5,5,'Retirar: Bife de costilla','Mesa 1'),(382,0,'',5,5,'Retirar: Bife de costilla','Mesa 1'),(383,0,'',5,5,'Retirar: Bife de costilla','Mesa 1'),(384,0,'',5,5,'Retirar: Bife de costilla','Mesa 1'),(385,0,'',5,5,'Retirar: Tira de asado','Mesa 1'),(386,0,'',5,5,'Retirar: Tira de asado','Mesa 1'),(387,0,'',5,5,'Retirar: Ravioles','Mesa 1'),(388,0,'',5,5,'Retirar: Tira de asado','Mesa 1'),(389,0,'',5,5,'Retirar: Tira de asado','Mesa 1'),(390,0,'',5,5,'Retirar: Tira de asado','Mesa 1'),(391,0,'',5,5,'Retirar: Mayonesa de ave o atún','Mesa 1'),(392,0,'',5,5,'Retirar: Mayonesa de ave o atún','Mesa 1'),(393,0,'',5,5,'Retirar: Mayonesa de ave o atún','Mesa 1'),(394,0,'',5,5,'Retirar: Tomates Rellenos','Mesa 1'),(395,0,'',5,5,'Retirar: Tomates Rellenos','Mesa 1'),(396,0,'',5,5,'Retirar: Tira de asado','Mesa 1'),(397,0,'',5,5,'Retirar: Tira de asado','Mesa 1'),(398,0,'',5,5,'Retirar: Tira de asado','Mesa 1'),(399,0,'',5,5,'Retirar: Tira de asado','Mesa 1'),(400,0,'',5,5,'Retirar: Mayonesa de ave o atún','Mesa 1'),(401,0,'',5,5,'Retirar: Mayonesa de ave o atún','Mesa 1'),(402,0,'',5,5,'Retirar: Mayonesa de ave o atún','Mesa 1'),(403,0,'',5,5,'Retirar: Mayonesa de ave o atún','Mesa 1'),(404,0,'',5,5,'Retirar: Bife de costilla','Mesa 1'),(405,0,'',5,5,'Retirar: Bife de costilla','Mesa 1'),(406,0,'',5,5,'Retirar: Tallarines','Mesa 1'),(407,0,'',5,5,'Retirar: Tallarines','Mesa 1'),(408,0,'',5,5,'Retirar: Tallarines','Mesa 1'),(409,0,'',5,5,'Retirar: Bife de costilla','Mesa 1'),(410,0,'',5,5,'Retirar: Bife de costilla','Mesa 1'),(411,0,'',5,5,'Retirar: Chorizo','Mesa 1'),(412,0,'',5,5,'Retirar: Chorizo','Mesa 1'),(413,0,'',5,5,'Retirar: Chorizo','Mesa 1'),(414,0,'',5,5,'Retirar: Chorizo','Mesa 1'),(415,0,'',5,5,'Retirar: Mayonesa de ave o atún','Mesa 1'),(416,0,'',5,5,'Retirar: Mayonesa de ave o atún','Mesa 1'),(417,0,'',5,5,'Retirar: Mocilla','Mesa 1'),(418,0,'',5,5,'Retirar: Tallarines','Mesa 1'),(419,0,'',5,5,'Retirar: Ravioles','Mesa 1'),(420,0,'',5,5,'Retirar: Ravioles','Mesa 1'),(421,0,'',5,5,'Retirar: Ravioles','Mesa 1'),(422,0,'',5,5,'Retirar: Ravioles','Mesa 1'),(423,0,'',5,5,'Retirar: Rabas','Mesa 1'),(424,0,'',5,5,'Retirar: Rabas','Mesa 1'),(425,0,'',5,5,'Retirar: Rabas','Mesa 1'),(426,0,'',5,5,'Retirar: Rabas','Mesa 1'),(427,0,'',5,5,'Retirar: Langostinos','Mesa 1'),(428,0,'',5,5,'Retirar: Rabas','Mesa 1'),(429,0,'',5,5,'Retirar: Ravioles','Mesa 1'),(430,0,'',5,5,'Retirar: Ravioles','Mesa 1'),(431,0,'',5,5,'Retirar: Sorrentinos','Mesa 1'),(432,0,'',5,5,'Retirar: Sorrentinos','Mesa 1'),(433,0,'',5,5,'Retirar: Sorrentinos','Mesa 1'),(434,0,'',5,5,'Retirar: Sorrentinos','Mesa 1'),(435,0,'',5,5,'Retirar: Sorrentinos','Mesa 1'),(436,0,'',5,5,'Retirar: Sorrentinos','Mesa 1'),(437,0,'',5,5,'Retirar: Tomates Rellenos','Mesa 1'),(438,0,'',5,5,'Retirar: Provoleta','Mesa 1'),(439,0,'',5,5,'Retirar: Provoleta','Mesa 1'),(440,0,'',5,5,'Retirar: Tira de asado','Mesa 1'),(441,0,'',5,5,'Retirar: Tira de asado','Mesa 1'),(442,0,'',5,5,'Retirar: Tira de asado','Mesa 1'),(443,0,'',5,5,'Retirar: Rabas','Mesa 1'),(444,0,'',5,5,'Retirar: Rabas','Mesa 1'),(445,0,'',5,5,'Retirar: Rabas','Mesa 1'),(446,0,'',5,5,'Retirar: Mayonesa de ave o atún','Mesa 1'),(447,0,'',5,5,'Retirar: Mayonesa de ave o atún','Mesa 1'),(448,0,'',5,5,'Retirar: Provoleta','Mesa 1'),(449,0,'',5,5,'Retirar: Provoleta','Mesa 1'),(450,0,'',5,5,'Retirar: Provoleta','Mesa 1'),(451,0,'',5,5,'Retirar: Tira de asado','Mesa 1'),(452,0,'',5,5,'Retirar: Tira de asado','Mesa 1'),(453,0,'',5,5,'Retirar: Tira de asado','Mesa 1'),(454,0,'',5,5,'Retirar: Mayonesa de ave o atún','Mesa 1'),(455,0,'',5,5,'Retirar: Mayonesa de ave o atún','Mesa 1'),(456,0,'',5,5,'Retirar: Tallarines','Mesa 1'),(457,0,'',5,5,'Retirar: Mocilla','Mesa 1'),(458,0,'',5,5,'Retirar: Mocilla','Mesa 1'),(459,0,'',5,5,'Retirar: Mocilla','Mesa 1'),(460,0,'',5,5,'Retirar: Mocilla','Mesa 1'),(461,0,'',5,5,'Retirar: Chorizo','Mesa 1'),(462,0,'',5,5,'Retirar: Chorizo','Mesa 1'),(463,0,'',5,5,'Retirar: Chorizo','Mesa 1'),(464,0,'',5,5,'Retirar: Mocilla','Mesa 1'),(465,0,'',5,5,'Retirar: Mocilla','Mesa 1'),(466,0,'',5,5,'Retirar: Mocilla','Mesa 1'),(467,0,'',5,5,'Retirar: Mocilla','Mesa 1'),(468,0,'',5,5,'Retirar: Mocilla','Mesa 1'),(469,0,'',5,5,'Retirar: Mocilla','Mesa 1'),(470,0,'',5,5,'Retirar: Mocilla','Mesa 1'),(471,0,'',5,5,'Retirar: Tomates Rellenos','Mesa 1'),(472,0,'',5,5,'Retirar: Rabas','Mesa 1'),(473,0,'',5,5,'Retirar: Rabas','Mesa 1'),(474,0,'',5,5,'Retirar: Rabas','Mesa 1'),(475,0,'',5,5,'Retirar: Rabas','Mesa 1'),(476,0,'',5,5,'Retirar: Bife de costilla','Mesa 1'),(477,0,'',5,5,'Retirar: Bife de costilla','Mesa 1'),(478,0,'',5,5,'Retirar: Bife de costilla','Mesa 1'),(479,0,'',5,5,'Retirar: Bife de costilla','Mesa 1'),(480,0,'',5,5,'Retirar: Tira de asado','Mesa 1'),(481,0,'',5,5,'Retirar: Tira de asado','Mesa 1'),(482,0,'',5,5,'Retirar: Tira de asado','Mesa 1'),(483,0,'',5,5,'Retirar: Tira de asado','Mesa 1'),(484,0,'',5,5,'Retirar: Bife de costilla','Mesa 1'),(485,0,'',5,5,'Retirar: Bife de costilla','Mesa 1'),(486,0,'',5,5,'Retirar: Bife de costilla','Mesa 1'),(487,0,'',5,5,'Retirar: Bife de costilla','Mesa 1'),(488,0,'',5,5,'Retirar: Rabas','Mesa 1'),(489,0,'',5,5,'Retirar: Rabas','Mesa 1'),(490,0,'',5,5,'Retirar: Rabas','Mesa 1'),(491,0,'',5,5,'Retirar: Bife de costilla','Mesa 1'),(492,0,'',5,5,'Retirar: Bife de costilla','Mesa 1'),(493,0,'',5,5,'Retirar: Bife de costilla','Mesa 1'),(494,0,'',5,5,'Retirar: Ravioles','Mesa 1'),(495,0,'',5,5,'Retirar: Ravioles','Mesa 1'),(496,0,'',5,5,'Retirar: Ravioles','Mesa 1'),(497,0,'',5,5,'Retirar: Mayonesa de ave o atún','Mesa 1'),(498,0,'',5,5,'Retirar: Mayonesa de ave o atún','Mesa 1'),(499,0,'',5,5,'Retirar: Mayonesa de ave o atún','Mesa 1'),(500,0,'',5,5,'Retirar: Mayonesa de ave o atún','Mesa 1'),(501,0,'',5,5,'Retirar: Mayonesa de ave o atún','Mesa 1'),(502,0,'',5,5,'Retirar: Mayonesa de ave o atún','Mesa 1'),(503,0,'',5,5,'Retirar: Mayonesa de ave o atún','Mesa 1'),(504,0,'',5,5,'Retirar: Mayonesa de ave o atún','Mesa 1'),(505,0,'',5,5,'Retirar: Chorizo','Mesa 1'),(506,0,'',5,5,'Retirar: Chorizo','Mesa 1'),(507,0,'',5,5,'Retirar: Sorrentinos','Mesa 1'),(508,0,'',5,5,'Retirar: Sorrentinos','Mesa 1'),(509,0,'',5,5,'Retirar: Sorrentinos','Mesa 1'),(510,0,'',5,5,'Retirar: Sorrentinos','Mesa 1'),(511,0,'',5,5,'Retirar: Chorizo','Mesa 1'),(512,0,'',5,5,'Retirar: Chorizo','Mesa 1'),(513,0,'',5,5,'Retirar: Chorizo','Mesa 1'),(514,0,'',5,5,'Retirar: Bife de costilla','Mesa 1'),(515,0,'',5,5,'Retirar: Bife de costilla','Mesa 1'),(516,0,'',5,5,'Retirar: Bife de costilla','Mesa 1'),(517,0,'',5,5,'Retirar: Bife de costilla','Mesa 1'),(518,0,'',5,5,'Retirar: Bife de costilla','Mesa 1'),(519,0,'',5,5,'Retirar: Bife de costilla','Mesa 1'),(520,0,'',5,5,'Retirar: Bife de costilla','Mesa 1'),(521,0,'',5,5,'Retirar: Tira de asado','Mesa 1'),(522,0,'',5,5,'Retirar: Tira de asado','Mesa 1'),(523,0,'',5,5,'Retirar: Ravioles','Mesa 1'),(524,0,'',5,5,'Retirar: Ravioles','Mesa 1'),(525,0,'',5,5,'Retirar: Ravioles','Mesa 1'),(526,0,'',5,5,'Retirar: Mocilla','Mesa 1'),(527,0,'',5,5,'Retirar: Mocilla','Mesa 1'),(528,0,'',5,5,'Retirar: Mocilla','Mesa 1');
/*!40000 ALTER TABLE `notificacion` ENABLE KEYS */;
UNLOCK TABLES;

--
-- Table structure for table `orden`
--

DROP TABLE IF EXISTS `orden`;
/*!40101 SET @saved_cs_client     = @@character_set_client */;
/*!40101 SET character_set_client = utf8 */;
CREATE TABLE `orden` (
  `id` bigint(20) NOT NULL AUTO_INCREMENT,
  `version` bigint(20) NOT NULL,
  `agregado_id` bigint(20) DEFAULT NULL,
  `consumible_id` bigint(20) NOT NULL,
  `estado_id` varchar(255) NOT NULL,
  `fue_rechazada` bit(1) NOT NULL,
  `motivo_anulacion` varchar(255) DEFAULT NULL,
  `observaciones` varchar(255) DEFAULT NULL,
  `pedido_id` bigint(20) NOT NULL,
  `precio_id` bigint(20) NOT NULL,
  `timer_id` bigint(20) NOT NULL,
  `uuid` varchar(255) NOT NULL,
  PRIMARY KEY (`id`),
  KEY `FK651874ABF4DE778` (`agregado_id`),
  KEY `FK651874AB9011F8` (`precio_id`),
  KEY `FK651874A99799D98` (`pedido_id`),
  KEY `FK651874A1C202ED8` (`consumible_id`),
  KEY `FK651874AF42BEC87` (`timer_id`),
  CONSTRAINT `FK651874AF42BEC87` FOREIGN KEY (`timer_id`) REFERENCES `state_timer` (`id`),
  CONSTRAINT `FK651874A1C202ED8` FOREIGN KEY (`consumible_id`) REFERENCES `consumible` (`id`),
  CONSTRAINT `FK651874A99799D98` FOREIGN KEY (`pedido_id`) REFERENCES `pedido` (`id`),
  CONSTRAINT `FK651874AB9011F8` FOREIGN KEY (`precio_id`) REFERENCES `precio` (`id`),
  CONSTRAINT `FK651874ABF4DE778` FOREIGN KEY (`agregado_id`) REFERENCES `consumible` (`id`)
) ENGINE=InnoDB AUTO_INCREMENT=529 DEFAULT CHARSET=latin1;
/*!40101 SET character_set_client = @saved_cs_client */;

--
-- Dumping data for table `orden`
--

LOCK TABLES `orden` WRITE;
/*!40000 ALTER TABLE `orden` DISABLE KEYS */;
INSERT INTO `orden` VALUES (1,24,NULL,6,'Entregado','\0',NULL,'alta de consumicion-',1,8,2,'6-0'),(2,21,NULL,6,'Entregado','\0',NULL,'alta de consumicion-',1,8,3,'6-1'),(3,18,NULL,6,'Entregado','\0',NULL,'alta de consumicion-',1,8,4,'6-2'),(4,15,NULL,6,'Entregado','\0',NULL,'alta de consumicion-',1,8,5,'6-3'),(5,24,NULL,12,'Entregado','\0',NULL,'alta de consumicion-',2,15,7,'7-0'),(6,21,NULL,12,'Entregado','\0',NULL,'alta de consumicion-',2,15,8,'7-1'),(7,18,NULL,12,'Entregado','\0',NULL,'alta de consumicion-',2,15,9,'7-2'),(8,15,NULL,12,'Entregado','\0',NULL,'alta de consumicion-',2,15,10,'7-3'),(9,15,NULL,7,'Entregado','\0',NULL,'alta de consumicion-',3,9,12,'8-0'),(10,21,NULL,2,'Entregado','\0',NULL,'alta de consumicion-',4,2,14,'9-0'),(11,18,NULL,2,'Entregado','\0',NULL,'alta de consumicion-',4,2,15,'9-1'),(12,15,NULL,2,'Entregado','\0',NULL,'alta de consumicion-',4,2,16,'9-2'),(13,21,NULL,10,'Entregado','\0',NULL,'alta de consumicion-',5,12,18,'10-0'),(14,18,NULL,10,'Entregado','\0',NULL,'alta de consumicion-',5,12,19,'10-1'),(15,15,NULL,10,'Entregado','\0',NULL,'alta de consumicion-',5,12,20,'10-2'),(16,24,NULL,12,'Entregado','\0',NULL,'alta de consumicion-',6,15,22,'11-0'),(17,21,NULL,12,'Entregado','\0',NULL,'alta de consumicion-',6,15,23,'11-1'),(18,18,NULL,12,'Entregado','\0',NULL,'alta de consumicion-',6,15,24,'11-2'),(19,15,NULL,12,'Entregado','\0',NULL,'alta de consumicion-',6,15,25,'11-3'),(20,24,NULL,2,'Entregado','\0',NULL,'alta de consumicion-',7,2,27,'12-0'),(21,21,NULL,2,'Entregado','\0',NULL,'alta de consumicion-',7,2,28,'12-1'),(22,18,NULL,2,'Entregado','\0',NULL,'alta de consumicion-',7,2,29,'12-2'),(23,15,NULL,2,'Entregado','\0',NULL,'alta de consumicion-',7,2,30,'12-3'),(24,15,NULL,12,'Entregado','\0',NULL,'alta de consumicion-',8,15,32,'13-0'),(25,24,NULL,10,'Entregado','\0',NULL,'alta de consumicion-',9,12,34,'14-0'),(26,21,NULL,10,'Entregado','\0',NULL,'alta de consumicion-',9,12,35,'14-1'),(27,18,NULL,10,'Entregado','\0',NULL,'alta de consumicion-',9,12,36,'14-2'),(28,15,NULL,10,'Entregado','\0',NULL,'alta de consumicion-',9,12,37,'14-3'),(29,15,NULL,14,'Entregado','\0',NULL,'alta de consumicion-',10,17,39,'15-0'),(30,24,NULL,9,'Entregado','\0',NULL,'alta de consumicion-',11,11,41,'16-0'),(31,21,NULL,9,'Entregado','\0',NULL,'alta de consumicion-',11,11,42,'16-1'),(32,18,NULL,9,'Entregado','\0',NULL,'alta de consumicion-',11,11,43,'16-2'),(33,15,NULL,9,'Entregado','\0',NULL,'alta de consumicion-',11,11,44,'16-3'),(34,15,NULL,10,'Entregado','\0',NULL,'alta de consumicion-',12,12,46,'17-0'),(35,15,NULL,7,'Entregado','\0',NULL,'alta de consumicion-',13,9,48,'18-0'),(36,15,NULL,1,'Entregado','\0',NULL,'alta de consumicion-',14,1,50,'19-0'),(37,15,NULL,9,'Entregado','\0',NULL,'alta de consumicion-',15,11,52,'20-0'),(38,15,NULL,9,'Entregado','\0',NULL,'alta de consumicion-',16,11,54,'21-0'),(39,18,NULL,6,'Entregado','\0',NULL,'alta de consumicion-',17,8,56,'22-0'),(40,15,NULL,6,'Entregado','\0',NULL,'alta de consumicion-',17,8,57,'22-1'),(41,21,NULL,12,'Entregado','\0',NULL,'alta de consumicion-',18,15,59,'23-0'),(42,18,NULL,12,'Entregado','\0',NULL,'alta de consumicion-',18,15,60,'23-1'),(43,15,NULL,12,'Entregado','\0',NULL,'alta de consumicion-',18,15,61,'23-2'),(44,21,NULL,10,'Entregado','\0',NULL,'alta de consumicion-',19,12,63,'24-0'),(45,18,NULL,10,'Entregado','\0',NULL,'alta de consumicion-',19,12,64,'24-1'),(46,15,NULL,10,'Entregado','\0',NULL,'alta de consumicion-',19,12,65,'24-2'),(47,24,NULL,8,'Entregado','\0',NULL,'alta de consumicion-',20,10,67,'25-0'),(48,21,NULL,8,'Entregado','\0',NULL,'alta de consumicion-',20,10,68,'25-1'),(49,18,NULL,8,'Entregado','\0',NULL,'alta de consumicion-',20,10,69,'25-2'),(50,15,NULL,8,'Entregado','\0',NULL,'alta de consumicion-',20,10,70,'25-3'),(51,18,NULL,9,'Entregado','\0',NULL,'alta de consumicion-',21,11,72,'26-0'),(52,15,NULL,9,'Entregado','\0',NULL,'alta de consumicion-',21,11,73,'26-1'),(53,21,NULL,6,'Entregado','\0',NULL,'alta de consumicion-',22,8,75,'27-0'),(54,18,NULL,6,'Entregado','\0',NULL,'alta de consumicion-',22,8,76,'27-1'),(55,15,NULL,6,'Entregado','\0',NULL,'alta de consumicion-',22,8,77,'27-2'),(56,15,NULL,1,'Entregado','\0',NULL,'alta de consumicion-',23,1,79,'28-0'),(57,24,NULL,12,'Entregado','\0',NULL,'alta de consumicion-',24,15,81,'29-0'),(58,21,NULL,12,'Entregado','\0',NULL,'alta de consumicion-',24,15,82,'29-1'),(59,18,NULL,12,'Entregado','\0',NULL,'alta de consumicion-',24,15,83,'29-2'),(60,15,NULL,12,'Entregado','\0',NULL,'alta de consumicion-',24,15,84,'29-3'),(61,18,NULL,13,'Entregado','\0',NULL,'alta de consumicion-',25,16,86,'30-0'),(62,15,NULL,13,'Entregado','\0',NULL,'alta de consumicion-',25,16,87,'30-1'),(63,18,NULL,5,'Entregado','\0',NULL,'alta de consumicion-',26,7,89,'31-0'),(64,15,NULL,5,'Entregado','\0',NULL,'alta de consumicion-',26,7,90,'31-1'),(65,18,NULL,13,'Entregado','\0',NULL,'alta de consumicion-',27,16,92,'32-0'),(66,15,NULL,13,'Entregado','\0',NULL,'alta de consumicion-',27,16,93,'32-1'),(67,18,NULL,12,'Entregado','\0',NULL,'alta de consumicion-',28,15,95,'33-0'),(68,15,NULL,12,'Entregado','\0',NULL,'alta de consumicion-',28,15,96,'33-1'),(69,18,NULL,12,'Entregado','\0',NULL,'alta de consumicion-',29,15,98,'34-0'),(70,15,NULL,12,'Entregado','\0',NULL,'alta de consumicion-',29,15,99,'34-1'),(71,24,NULL,6,'Entregado','\0',NULL,'alta de consumicion-',30,8,101,'35-0'),(72,21,NULL,6,'Entregado','\0',NULL,'alta de consumicion-',30,8,102,'35-1'),(73,18,NULL,6,'Entregado','\0',NULL,'alta de consumicion-',30,8,103,'35-2'),(74,15,NULL,6,'Entregado','\0',NULL,'alta de consumicion-',30,8,104,'35-3'),(75,15,NULL,8,'Entregado','\0',NULL,'alta de consumicion-',31,10,106,'36-0'),(76,18,NULL,7,'Entregado','\0',NULL,'alta de consumicion-',32,9,108,'37-0'),(77,15,NULL,7,'Entregado','\0',NULL,'alta de consumicion-',32,9,109,'37-1'),(78,18,NULL,8,'Entregado','\0',NULL,'alta de consumicion-',33,10,111,'38-0'),(79,15,NULL,8,'Entregado','\0',NULL,'alta de consumicion-',33,10,112,'38-1'),(80,24,NULL,7,'Entregado','\0',NULL,'alta de consumicion-',34,9,114,'39-0'),(81,21,NULL,7,'Entregado','\0',NULL,'alta de consumicion-',34,9,115,'39-1'),(82,18,NULL,7,'Entregado','\0',NULL,'alta de consumicion-',34,9,116,'39-2'),(83,15,NULL,7,'Entregado','\0',NULL,'alta de consumicion-',34,9,117,'39-3'),(84,18,NULL,13,'Entregado','\0',NULL,'alta de consumicion-',35,16,119,'40-0'),(85,15,NULL,13,'Entregado','\0',NULL,'alta de consumicion-',35,16,120,'40-1'),(86,21,NULL,10,'Entregado','\0',NULL,'alta de consumicion-',36,12,122,'41-0'),(87,18,NULL,10,'Entregado','\0',NULL,'alta de consumicion-',36,12,123,'41-1'),(88,15,NULL,10,'Entregado','\0',NULL,'alta de consumicion-',36,12,124,'41-2'),(89,21,NULL,2,'Entregado','\0',NULL,'alta de consumicion-',37,2,126,'42-0'),(90,18,NULL,2,'Entregado','\0',NULL,'alta de consumicion-',37,2,127,'42-1'),(91,15,NULL,2,'Entregado','\0',NULL,'alta de consumicion-',37,2,128,'42-2'),(92,21,NULL,5,'Entregado','\0',NULL,'alta de consumicion-',38,7,130,'43-0'),(93,18,NULL,5,'Entregado','\0',NULL,'alta de consumicion-',38,7,131,'43-1'),(94,15,NULL,5,'Entregado','\0',NULL,'alta de consumicion-',38,7,132,'43-2'),(95,15,NULL,14,'Entregado','\0',NULL,'alta de consumicion-',39,17,134,'44-0'),(96,15,NULL,3,'Entregado','\0',NULL,'alta de consumicion-',40,3,136,'45-0'),(97,24,NULL,8,'Entregado','\0',NULL,'alta de consumicion-',41,10,138,'46-0'),(98,21,NULL,8,'Entregado','\0',NULL,'alta de consumicion-',41,10,139,'46-1'),(99,18,NULL,8,'Entregado','\0',NULL,'alta de consumicion-',41,10,140,'46-2'),(100,15,NULL,8,'Entregado','\0',NULL,'alta de consumicion-',41,10,141,'46-3'),(101,18,NULL,1,'Entregado','\0',NULL,'alta de consumicion-',42,1,143,'47-0'),(102,15,NULL,1,'Entregado','\0',NULL,'alta de consumicion-',42,1,144,'47-1'),(103,24,NULL,8,'Entregado','\0',NULL,'alta de consumicion-',43,10,146,'48-0'),(104,21,NULL,8,'Entregado','\0',NULL,'alta de consumicion-',43,10,147,'48-1'),(105,18,NULL,8,'Entregado','\0',NULL,'alta de consumicion-',43,10,148,'48-2'),(106,15,NULL,8,'Entregado','\0',NULL,'alta de consumicion-',43,10,149,'48-3'),(107,24,NULL,3,'Entregado','\0',NULL,'alta de consumicion-',44,3,151,'49-0'),(108,21,NULL,3,'Entregado','\0',NULL,'alta de consumicion-',44,3,152,'49-1'),(109,18,NULL,3,'Entregado','\0',NULL,'alta de consumicion-',44,3,153,'49-2'),(110,15,NULL,3,'Entregado','\0',NULL,'alta de consumicion-',44,3,154,'49-3'),(111,18,NULL,3,'Entregado','\0',NULL,'alta de consumicion-',45,3,156,'50-0'),(112,15,NULL,3,'Entregado','\0',NULL,'alta de consumicion-',45,3,157,'50-1'),(113,21,NULL,6,'Entregado','\0',NULL,'alta de consumicion-',46,8,159,'51-0'),(114,18,NULL,6,'Entregado','\0',NULL,'alta de consumicion-',46,8,160,'51-1'),(115,15,NULL,6,'Entregado','\0',NULL,'alta de consumicion-',46,8,161,'51-2'),(116,21,NULL,1,'Entregado','\0',NULL,'alta de consumicion-',47,1,163,'52-0'),(117,18,NULL,1,'Entregado','\0',NULL,'alta de consumicion-',47,1,164,'52-1'),(118,15,NULL,1,'Entregado','\0',NULL,'alta de consumicion-',47,1,165,'52-2'),(119,15,NULL,2,'Entregado','\0',NULL,'alta de consumicion-',48,2,167,'53-0'),(120,21,NULL,9,'Entregado','\0',NULL,'alta de consumicion-',49,11,169,'54-0'),(121,18,NULL,9,'Entregado','\0',NULL,'alta de consumicion-',49,11,170,'54-1'),(122,15,NULL,9,'Entregado','\0',NULL,'alta de consumicion-',49,11,171,'54-2'),(123,18,NULL,1,'Entregado','\0',NULL,'alta de consumicion-',50,1,173,'55-0'),(124,15,NULL,1,'Entregado','\0',NULL,'alta de consumicion-',50,1,174,'55-1'),(125,18,NULL,12,'Entregado','\0',NULL,'alta de consumicion-',51,15,176,'56-0'),(126,15,NULL,12,'Entregado','\0',NULL,'alta de consumicion-',51,15,177,'56-1'),(127,24,NULL,10,'Entregado','\0',NULL,'alta de consumicion-',52,12,179,'57-0'),(128,21,NULL,10,'Entregado','\0',NULL,'alta de consumicion-',52,12,180,'57-1'),(129,18,NULL,10,'Entregado','\0',NULL,'alta de consumicion-',52,12,181,'57-2'),(130,15,NULL,10,'Entregado','\0',NULL,'alta de consumicion-',52,12,182,'57-3'),(131,15,NULL,10,'Entregado','\0',NULL,'alta de consumicion-',53,12,184,'58-0'),(132,15,NULL,8,'Entregado','\0',NULL,'alta de consumicion-',54,10,186,'59-0'),(133,24,NULL,5,'Entregado','\0',NULL,'alta de consumicion-',55,7,188,'60-0'),(134,21,NULL,5,'Entregado','\0',NULL,'alta de consumicion-',55,7,189,'60-1'),(135,18,NULL,5,'Entregado','\0',NULL,'alta de consumicion-',55,7,190,'60-2'),(136,15,NULL,5,'Entregado','\0',NULL,'alta de consumicion-',55,7,191,'60-3'),(137,21,NULL,6,'Entregado','\0',NULL,'alta de consumicion-',56,8,193,'61-0'),(138,18,NULL,6,'Entregado','\0',NULL,'alta de consumicion-',56,8,194,'61-1'),(139,15,NULL,6,'Entregado','\0',NULL,'alta de consumicion-',56,8,195,'61-2'),(140,15,NULL,14,'Entregado','\0',NULL,'alta de consumicion-',57,17,197,'62-0'),(141,21,NULL,13,'Entregado','\0',NULL,'alta de consumicion-',58,16,199,'63-0'),(142,18,NULL,13,'Entregado','\0',NULL,'alta de consumicion-',58,16,200,'63-1'),(143,15,NULL,13,'Entregado','\0',NULL,'alta de consumicion-',58,16,201,'63-2'),(144,21,NULL,9,'Entregado','\0',NULL,'alta de consumicion-',59,11,203,'64-0'),(145,18,NULL,9,'Entregado','\0',NULL,'alta de consumicion-',59,11,204,'64-1'),(146,15,NULL,9,'Entregado','\0',NULL,'alta de consumicion-',59,11,205,'64-2'),(147,21,NULL,5,'Entregado','\0',NULL,'alta de consumicion-',60,7,207,'65-0'),(148,18,NULL,5,'Entregado','\0',NULL,'alta de consumicion-',60,7,208,'65-1'),(149,15,NULL,5,'Entregado','\0',NULL,'alta de consumicion-',60,7,209,'65-2'),(150,24,NULL,12,'Entregado','\0',NULL,'alta de consumicion-',61,15,211,'66-0'),(151,21,NULL,12,'Entregado','\0',NULL,'alta de consumicion-',61,15,212,'66-1'),(152,18,NULL,12,'Entregado','\0',NULL,'alta de consumicion-',61,15,213,'66-2'),(153,15,NULL,12,'Entregado','\0',NULL,'alta de consumicion-',61,15,214,'66-3'),(154,24,NULL,12,'Entregado','\0',NULL,'alta de consumicion-',62,15,216,'67-0'),(155,21,NULL,12,'Entregado','\0',NULL,'alta de consumicion-',62,15,217,'67-1'),(156,18,NULL,12,'Entregado','\0',NULL,'alta de consumicion-',62,15,218,'67-2'),(157,15,NULL,12,'Entregado','\0',NULL,'alta de consumicion-',62,15,219,'67-3'),(158,21,NULL,1,'Entregado','\0',NULL,'alta de consumicion-',63,1,221,'68-0'),(159,18,NULL,1,'Entregado','\0',NULL,'alta de consumicion-',63,1,222,'68-1'),(160,15,NULL,1,'Entregado','\0',NULL,'alta de consumicion-',63,1,223,'68-2'),(161,18,NULL,10,'Entregado','\0',NULL,'alta de consumicion-',64,12,225,'69-0'),(162,15,NULL,10,'Entregado','\0',NULL,'alta de consumicion-',64,12,226,'69-1'),(163,18,NULL,7,'Entregado','\0',NULL,'alta de consumicion-',65,9,228,'70-0'),(164,15,NULL,7,'Entregado','\0',NULL,'alta de consumicion-',65,9,229,'70-1'),(165,18,NULL,8,'Entregado','\0',NULL,'alta de consumicion-',66,10,231,'71-0'),(166,15,NULL,8,'Entregado','\0',NULL,'alta de consumicion-',66,10,232,'71-1'),(167,15,NULL,13,'Entregado','\0',NULL,'alta de consumicion-',67,16,234,'72-0'),(168,21,NULL,10,'Entregado','\0',NULL,'alta de consumicion-',68,12,236,'73-0'),(169,18,NULL,10,'Entregado','\0',NULL,'alta de consumicion-',68,12,237,'73-1'),(170,15,NULL,10,'Entregado','\0',NULL,'alta de consumicion-',68,12,238,'73-2'),(171,21,NULL,13,'Entregado','\0',NULL,'alta de consumicion-',69,16,240,'74-0'),(172,18,NULL,13,'Entregado','\0',NULL,'alta de consumicion-',69,16,241,'74-1'),(173,15,NULL,13,'Entregado','\0',NULL,'alta de consumicion-',69,16,242,'74-2'),(174,18,NULL,7,'Entregado','\0',NULL,'alta de consumicion-',70,9,244,'75-0'),(175,15,NULL,7,'Entregado','\0',NULL,'alta de consumicion-',70,9,245,'75-1'),(176,18,NULL,13,'Entregado','\0',NULL,'alta de consumicion-',71,16,247,'76-0'),(177,15,NULL,13,'Entregado','\0',NULL,'alta de consumicion-',71,16,248,'76-1'),(178,15,NULL,10,'Entregado','\0',NULL,'alta de consumicion-',72,12,250,'77-0'),(179,21,NULL,8,'Entregado','\0',NULL,'alta de consumicion-',73,10,252,'78-0'),(180,18,NULL,8,'Entregado','\0',NULL,'alta de consumicion-',73,10,253,'78-1'),(181,15,NULL,8,'Entregado','\0',NULL,'alta de consumicion-',73,10,254,'78-2'),(182,18,NULL,7,'Entregado','\0',NULL,'alta de consumicion-',74,9,256,'79-0'),(183,15,NULL,7,'Entregado','\0',NULL,'alta de consumicion-',74,9,257,'79-1'),(184,15,NULL,10,'Entregado','\0',NULL,'alta de consumicion-',75,12,259,'80-0'),(185,15,NULL,3,'Entregado','\0',NULL,'alta de consumicion-',76,3,261,'81-0'),(186,21,NULL,2,'Entregado','\0',NULL,'alta de consumicion-',77,2,263,'82-0'),(187,18,NULL,2,'Entregado','\0',NULL,'alta de consumicion-',77,2,264,'82-1'),(188,15,NULL,2,'Entregado','\0',NULL,'alta de consumicion-',77,2,265,'82-2'),(189,24,NULL,7,'Entregado','\0',NULL,'alta de consumicion-',78,9,267,'83-0'),(190,21,NULL,7,'Entregado','\0',NULL,'alta de consumicion-',78,9,268,'83-1'),(191,18,NULL,7,'Entregado','\0',NULL,'alta de consumicion-',78,9,269,'83-2'),(192,15,NULL,7,'Entregado','\0',NULL,'alta de consumicion-',78,9,270,'83-3'),(193,15,NULL,3,'Entregado','\0',NULL,'alta de consumicion-',79,3,272,'84-0'),(194,15,NULL,1,'Entregado','\0',NULL,'alta de consumicion-',80,1,274,'85-0'),(195,24,NULL,5,'Entregado','\0',NULL,'alta de consumicion-',81,7,276,'86-0'),(196,21,NULL,5,'Entregado','\0',NULL,'alta de consumicion-',81,7,277,'86-1'),(197,18,NULL,5,'Entregado','\0',NULL,'alta de consumicion-',81,7,278,'86-2'),(198,15,NULL,5,'Entregado','\0',NULL,'alta de consumicion-',81,7,279,'86-3'),(199,15,NULL,14,'Entregado','\0',NULL,'alta de consumicion-',82,17,281,'87-0'),(200,15,NULL,10,'Entregado','\0',NULL,'alta de consumicion-',83,12,283,'88-0'),(201,18,NULL,10,'Entregado','\0',NULL,'alta de consumicion-',84,12,285,'89-0'),(202,15,NULL,10,'Entregado','\0',NULL,'alta de consumicion-',84,12,286,'89-1'),(203,18,NULL,6,'Entregado','\0',NULL,'alta de consumicion-',85,8,288,'90-0'),(204,15,NULL,6,'Entregado','\0',NULL,'alta de consumicion-',85,8,289,'90-1'),(205,24,NULL,3,'Entregado','\0',NULL,'alta de consumicion-',86,3,291,'91-0'),(206,21,NULL,3,'Entregado','\0',NULL,'alta de consumicion-',86,3,292,'91-1'),(207,18,NULL,3,'Entregado','\0',NULL,'alta de consumicion-',86,3,293,'91-2'),(208,15,NULL,3,'Entregado','\0',NULL,'alta de consumicion-',86,3,294,'91-3'),(209,18,NULL,12,'Entregado','\0',NULL,'alta de consumicion-',87,15,296,'92-0'),(210,15,NULL,12,'Entregado','\0',NULL,'alta de consumicion-',87,15,297,'92-1'),(211,21,NULL,8,'Entregado','\0',NULL,'alta de consumicion-',88,10,299,'93-0'),(212,18,NULL,8,'Entregado','\0',NULL,'alta de consumicion-',88,10,300,'93-1'),(213,15,NULL,8,'Entregado','\0',NULL,'alta de consumicion-',88,10,301,'93-2'),(214,21,NULL,12,'Entregado','\0',NULL,'alta de consumicion-',89,15,303,'94-0'),(215,18,NULL,12,'Entregado','\0',NULL,'alta de consumicion-',89,15,304,'94-1'),(216,15,NULL,12,'Entregado','\0',NULL,'alta de consumicion-',89,15,305,'94-2'),(217,24,NULL,14,'Entregado','\0',NULL,'alta de consumicion-',90,17,307,'95-0'),(218,21,NULL,14,'Entregado','\0',NULL,'alta de consumicion-',90,17,308,'95-1'),(219,18,NULL,14,'Entregado','\0',NULL,'alta de consumicion-',90,17,309,'95-2'),(220,15,NULL,14,'Entregado','\0',NULL,'alta de consumicion-',90,17,310,'95-3'),(221,24,NULL,7,'Entregado','\0',NULL,'alta de consumicion-',91,9,312,'96-0'),(222,21,NULL,7,'Entregado','\0',NULL,'alta de consumicion-',91,9,313,'96-1'),(223,18,NULL,7,'Entregado','\0',NULL,'alta de consumicion-',91,9,314,'96-2'),(224,15,NULL,7,'Entregado','\0',NULL,'alta de consumicion-',91,9,315,'96-3'),(225,21,NULL,12,'Entregado','\0',NULL,'alta de consumicion-',92,15,317,'97-0'),(226,18,NULL,12,'Entregado','\0',NULL,'alta de consumicion-',92,15,318,'97-1'),(227,15,NULL,12,'Entregado','\0',NULL,'alta de consumicion-',92,15,319,'97-2'),(228,21,NULL,14,'Entregado','\0',NULL,'alta de consumicion-',93,17,321,'98-0'),(229,18,NULL,14,'Entregado','\0',NULL,'alta de consumicion-',93,17,322,'98-1'),(230,15,NULL,14,'Entregado','\0',NULL,'alta de consumicion-',93,17,323,'98-2'),(231,18,NULL,7,'Entregado','\0',NULL,'alta de consumicion-',94,9,325,'99-0'),(232,15,NULL,7,'Entregado','\0',NULL,'alta de consumicion-',94,9,326,'99-1'),(233,24,NULL,8,'Entregado','\0',NULL,'alta de consumicion-',95,10,328,'100-0'),(234,21,NULL,8,'Entregado','\0',NULL,'alta de consumicion-',95,10,329,'100-1'),(235,18,NULL,8,'Entregado','\0',NULL,'alta de consumicion-',95,10,330,'100-2'),(236,15,NULL,8,'Entregado','\0',NULL,'alta de consumicion-',95,10,331,'100-3'),(237,15,NULL,2,'Entregado','\0',NULL,'alta de consumicion-',96,2,333,'101-0'),(238,15,NULL,14,'Entregado','\0',NULL,'alta de consumicion-',97,17,335,'102-0'),(239,24,NULL,14,'Entregado','\0',NULL,'alta de consumicion-',98,17,337,'103-0'),(240,21,NULL,14,'Entregado','\0',NULL,'alta de consumicion-',98,17,338,'103-1'),(241,18,NULL,14,'Entregado','\0',NULL,'alta de consumicion-',98,17,339,'103-2'),(242,15,NULL,14,'Entregado','\0',NULL,'alta de consumicion-',98,17,340,'103-3'),(243,21,NULL,7,'Entregado','\0',NULL,'alta de consumicion-',99,9,342,'104-0'),(244,18,NULL,7,'Entregado','\0',NULL,'alta de consumicion-',99,9,343,'104-1'),(245,15,NULL,7,'Entregado','\0',NULL,'alta de consumicion-',99,9,344,'104-2'),(246,21,NULL,3,'Entregado','\0',NULL,'alta de consumicion-',100,3,346,'105-0'),(247,18,NULL,3,'Entregado','\0',NULL,'alta de consumicion-',100,3,347,'105-1'),(248,15,NULL,3,'Entregado','\0',NULL,'alta de consumicion-',100,3,348,'105-2'),(249,15,NULL,1,'Entregado','\0',NULL,'alta de consumicion-',101,1,350,'106-0'),(250,18,NULL,3,'Entregado','\0',NULL,'alta de consumicion-',102,3,352,'107-0'),(251,15,NULL,3,'Entregado','\0',NULL,'alta de consumicion-',102,3,353,'107-1'),(252,18,NULL,10,'Entregado','\0',NULL,'alta de consumicion-',103,12,355,'108-0'),(253,15,NULL,10,'Entregado','\0',NULL,'alta de consumicion-',103,12,356,'108-1'),(254,24,NULL,9,'Entregado','\0',NULL,'alta de consumicion-',104,11,358,'109-0'),(255,21,NULL,9,'Entregado','\0',NULL,'alta de consumicion-',104,11,359,'109-1'),(256,18,NULL,9,'Entregado','\0',NULL,'alta de consumicion-',104,11,360,'109-2'),(257,15,NULL,9,'Entregado','\0',NULL,'alta de consumicion-',104,11,361,'109-3'),(258,18,NULL,7,'Entregado','\0',NULL,'alta de consumicion-',105,9,363,'110-0'),(259,15,NULL,7,'Entregado','\0',NULL,'alta de consumicion-',105,9,364,'110-1'),(260,18,NULL,12,'Entregado','\0',NULL,'alta de consumicion-',106,15,366,'111-0'),(261,15,NULL,12,'Entregado','\0',NULL,'alta de consumicion-',106,15,367,'111-1'),(262,24,NULL,1,'Entregado','\0',NULL,'alta de consumicion-',107,1,369,'112-0'),(263,21,NULL,1,'Entregado','\0',NULL,'alta de consumicion-',107,1,370,'112-1'),(264,18,NULL,1,'Entregado','\0',NULL,'alta de consumicion-',107,1,371,'112-2'),(265,15,NULL,1,'Entregado','\0',NULL,'alta de consumicion-',107,1,372,'112-3'),(266,24,NULL,8,'Entregado','\0',NULL,'alta de consumicion-',108,10,374,'113-0'),(267,21,NULL,8,'Entregado','\0',NULL,'alta de consumicion-',108,10,375,'113-1'),(268,18,NULL,8,'Entregado','\0',NULL,'alta de consumicion-',108,10,376,'113-2'),(269,15,NULL,8,'Entregado','\0',NULL,'alta de consumicion-',108,10,377,'113-3'),(270,18,NULL,3,'Entregado','\0',NULL,'alta de consumicion-',109,3,379,'114-0'),(271,15,NULL,3,'Entregado','\0',NULL,'alta de consumicion-',109,3,380,'114-1'),(272,18,NULL,13,'Entregado','\0',NULL,'alta de consumicion-',110,16,382,'115-0'),(273,15,NULL,13,'Entregado','\0',NULL,'alta de consumicion-',110,16,383,'115-1'),(274,24,NULL,8,'Entregado','\0',NULL,'alta de consumicion-',111,10,385,'116-0'),(275,21,NULL,8,'Entregado','\0',NULL,'alta de consumicion-',111,10,386,'116-1'),(276,18,NULL,8,'Entregado','\0',NULL,'alta de consumicion-',111,10,387,'116-2'),(277,15,NULL,8,'Entregado','\0',NULL,'alta de consumicion-',111,10,388,'116-3'),(278,18,NULL,2,'Entregado','\0',NULL,'alta de consumicion-',112,2,390,'117-0'),(279,15,NULL,2,'Entregado','\0',NULL,'alta de consumicion-',112,2,391,'117-1'),(280,15,NULL,7,'Entregado','\0',NULL,'alta de consumicion-',113,9,393,'118-0'),(281,24,NULL,9,'Entregado','\0',NULL,'alta de consumicion-',114,11,395,'119-0'),(282,21,NULL,9,'Entregado','\0',NULL,'alta de consumicion-',114,11,396,'119-1'),(283,18,NULL,9,'Entregado','\0',NULL,'alta de consumicion-',114,11,397,'119-2'),(284,15,NULL,9,'Entregado','\0',NULL,'alta de consumicion-',114,11,398,'119-3'),(285,15,NULL,3,'Entregado','\0',NULL,'alta de consumicion-',115,3,400,'120-0'),(286,21,NULL,9,'Entregado','\0',NULL,'alta de consumicion-',116,11,402,'121-0'),(287,18,NULL,9,'Entregado','\0',NULL,'alta de consumicion-',116,11,403,'121-1'),(288,15,NULL,9,'Entregado','\0',NULL,'alta de consumicion-',116,11,404,'121-2'),(289,24,NULL,10,'Entregado','\0',NULL,'alta de consumicion-',117,12,406,'122-0'),(290,21,NULL,10,'Entregado','\0',NULL,'alta de consumicion-',117,12,407,'122-1'),(291,18,NULL,10,'Entregado','\0',NULL,'alta de consumicion-',117,12,408,'122-2'),(292,15,NULL,10,'Entregado','\0',NULL,'alta de consumicion-',117,12,409,'122-3'),(293,18,NULL,7,'Entregado','\0',NULL,'alta de consumicion-',118,9,411,'123-0'),(294,15,NULL,7,'Entregado','\0',NULL,'alta de consumicion-',118,9,412,'123-1'),(295,15,NULL,8,'Entregado','\0',NULL,'alta de consumicion-',119,10,414,'124-0'),(296,21,NULL,2,'Entregado','\0',NULL,'alta de consumicion-',120,2,416,'125-0'),(297,18,NULL,2,'Entregado','\0',NULL,'alta de consumicion-',120,2,417,'125-1'),(298,15,NULL,2,'Entregado','\0',NULL,'alta de consumicion-',120,2,418,'125-2'),(299,24,NULL,8,'Entregado','\0',NULL,'alta de consumicion-',121,10,420,'126-0'),(300,21,NULL,8,'Entregado','\0',NULL,'alta de consumicion-',121,10,421,'126-1'),(301,18,NULL,8,'Entregado','\0',NULL,'alta de consumicion-',121,10,422,'126-2'),(302,15,NULL,8,'Entregado','\0',NULL,'alta de consumicion-',121,10,423,'126-3'),(303,18,NULL,6,'Entregado','\0',NULL,'alta de consumicion-',122,8,425,'127-0'),(304,15,NULL,6,'Entregado','\0',NULL,'alta de consumicion-',122,8,426,'127-1'),(305,21,NULL,1,'Entregado','\0',NULL,'alta de consumicion-',123,1,428,'128-0'),(306,18,NULL,1,'Entregado','\0',NULL,'alta de consumicion-',123,1,429,'128-1'),(307,15,NULL,1,'Entregado','\0',NULL,'alta de consumicion-',123,1,430,'128-2'),(308,15,NULL,9,'Entregado','\0',NULL,'alta de consumicion-',124,11,432,'129-0'),(309,24,NULL,14,'Entregado','\0',NULL,'alta de consumicion-',125,17,434,'130-0'),(310,21,NULL,14,'Entregado','\0',NULL,'alta de consumicion-',125,17,435,'130-1'),(311,18,NULL,14,'Entregado','\0',NULL,'alta de consumicion-',125,17,436,'130-2'),(312,15,NULL,14,'Entregado','\0',NULL,'alta de consumicion-',125,17,437,'130-3'),(313,21,NULL,1,'Entregado','\0',NULL,'alta de consumicion-',126,1,439,'131-0'),(314,18,NULL,1,'Entregado','\0',NULL,'alta de consumicion-',126,1,440,'131-1'),(315,15,NULL,1,'Entregado','\0',NULL,'alta de consumicion-',126,1,441,'131-2'),(316,24,NULL,3,'Entregado','\0',NULL,'alta de consumicion-',127,3,443,'132-0'),(317,21,NULL,3,'Entregado','\0',NULL,'alta de consumicion-',127,3,444,'132-1'),(318,18,NULL,3,'Entregado','\0',NULL,'alta de consumicion-',127,3,445,'132-2'),(319,15,NULL,3,'Entregado','\0',NULL,'alta de consumicion-',127,3,446,'132-3'),(320,21,NULL,10,'Entregado','\0',NULL,'alta de consumicion-',128,12,448,'133-0'),(321,18,NULL,10,'Entregado','\0',NULL,'alta de consumicion-',128,12,449,'133-1'),(322,15,NULL,10,'Entregado','\0',NULL,'alta de consumicion-',128,12,450,'133-2'),(323,21,NULL,7,'Entregado','\0',NULL,'alta de consumicion-',129,9,452,'134-0'),(324,18,NULL,7,'Entregado','\0',NULL,'alta de consumicion-',129,9,453,'134-1'),(325,15,NULL,7,'Entregado','\0',NULL,'alta de consumicion-',129,9,454,'134-2'),(326,18,NULL,12,'Entregado','\0',NULL,'alta de consumicion-',130,15,456,'135-0'),(327,15,NULL,12,'Entregado','\0',NULL,'alta de consumicion-',130,15,457,'135-1'),(328,24,NULL,2,'Entregado','\0',NULL,'alta de consumicion-',131,2,459,'136-0'),(329,21,NULL,2,'Entregado','\0',NULL,'alta de consumicion-',131,2,460,'136-1'),(330,18,NULL,2,'Entregado','\0',NULL,'alta de consumicion-',131,2,461,'136-2'),(331,15,NULL,2,'Entregado','\0',NULL,'alta de consumicion-',131,2,462,'136-3'),(332,24,NULL,9,'Entregado','\0',NULL,'alta de consumicion-',132,11,464,'137-0'),(333,21,NULL,9,'Entregado','\0',NULL,'alta de consumicion-',132,11,465,'137-1'),(334,18,NULL,9,'Entregado','\0',NULL,'alta de consumicion-',132,11,466,'137-2'),(335,15,NULL,9,'Entregado','\0',NULL,'alta de consumicion-',132,11,467,'137-3'),(336,18,NULL,8,'Entregado','\0',NULL,'alta de consumicion-',133,10,469,'138-0'),(337,15,NULL,8,'Entregado','\0',NULL,'alta de consumicion-',133,10,470,'138-1'),(338,18,NULL,14,'Entregado','\0',NULL,'alta de consumicion-',134,17,472,'139-0'),(339,15,NULL,14,'Entregado','\0',NULL,'alta de consumicion-',134,17,473,'139-1'),(340,15,NULL,13,'Entregado','\0',NULL,'alta de consumicion-',135,16,475,'140-0'),(341,21,NULL,10,'Entregado','\0',NULL,'alta de consumicion-',136,12,477,'141-0'),(342,18,NULL,10,'Entregado','\0',NULL,'alta de consumicion-',136,12,478,'141-1'),(343,15,NULL,10,'Entregado','\0',NULL,'alta de consumicion-',136,12,479,'141-2'),(344,18,NULL,10,'Entregado','\0',NULL,'alta de consumicion-',137,12,481,'142-0'),(345,15,NULL,10,'Entregado','\0',NULL,'alta de consumicion-',137,12,482,'142-1'),(346,18,NULL,1,'Entregado','\0',NULL,'alta de consumicion-',138,1,484,'143-0'),(347,15,NULL,1,'Entregado','\0',NULL,'alta de consumicion-',138,1,485,'143-1'),(348,18,NULL,7,'Entregado','\0',NULL,'alta de consumicion-',139,9,487,'144-0'),(349,15,NULL,7,'Entregado','\0',NULL,'alta de consumicion-',139,9,488,'144-1'),(350,21,NULL,3,'Entregado','\0',NULL,'alta de consumicion-',140,3,490,'145-0'),(351,18,NULL,3,'Entregado','\0',NULL,'alta de consumicion-',140,3,491,'145-1'),(352,15,NULL,3,'Entregado','\0',NULL,'alta de consumicion-',140,3,492,'145-2'),(353,24,NULL,14,'Entregado','\0',NULL,'alta de consumicion-',141,17,494,'146-0'),(354,21,NULL,14,'Entregado','\0',NULL,'alta de consumicion-',141,17,495,'146-1'),(355,18,NULL,14,'Entregado','\0',NULL,'alta de consumicion-',141,17,496,'146-2'),(356,15,NULL,14,'Entregado','\0',NULL,'alta de consumicion-',141,17,497,'146-3'),(357,21,NULL,9,'Entregado','\0',NULL,'alta de consumicion-',142,11,499,'147-0'),(358,18,NULL,9,'Entregado','\0',NULL,'alta de consumicion-',142,11,500,'147-1'),(359,15,NULL,9,'Entregado','\0',NULL,'alta de consumicion-',142,11,501,'147-2'),(360,18,NULL,10,'Entregado','\0',NULL,'alta de consumicion-',143,12,503,'148-0'),(361,15,NULL,10,'Entregado','\0',NULL,'alta de consumicion-',143,12,504,'148-1'),(362,24,NULL,13,'Entregado','\0',NULL,'alta de consumicion-',144,16,506,'149-0'),(363,21,NULL,13,'Entregado','\0',NULL,'alta de consumicion-',144,16,507,'149-1'),(364,18,NULL,13,'Entregado','\0',NULL,'alta de consumicion-',144,16,508,'149-2'),(365,15,NULL,13,'Entregado','\0',NULL,'alta de consumicion-',144,16,509,'149-3'),(366,15,NULL,8,'Entregado','\0',NULL,'alta de consumicion-',145,10,511,'150-0'),(367,21,NULL,2,'Entregado','\0',NULL,'alta de consumicion-',146,2,513,'151-0'),(368,18,NULL,2,'Entregado','\0',NULL,'alta de consumicion-',146,2,514,'151-1'),(369,15,NULL,2,'Entregado','\0',NULL,'alta de consumicion-',146,2,515,'151-2'),(370,21,NULL,9,'Entregado','\0',NULL,'alta de consumicion-',147,11,517,'152-0'),(371,18,NULL,9,'Entregado','\0',NULL,'alta de consumicion-',147,11,518,'152-1'),(372,15,NULL,9,'Entregado','\0',NULL,'alta de consumicion-',147,11,519,'152-2'),(373,21,NULL,8,'Entregado','\0',NULL,'alta de consumicion-',148,10,521,'153-0'),(374,18,NULL,8,'Entregado','\0',NULL,'alta de consumicion-',148,10,522,'153-1'),(375,15,NULL,8,'Entregado','\0',NULL,'alta de consumicion-',148,10,523,'153-2'),(376,15,NULL,8,'Entregado','\0',NULL,'alta de consumicion-',149,10,525,'154-0'),(377,24,NULL,6,'Entregado','\0',NULL,'alta de consumicion-',150,8,527,'155-0'),(378,21,NULL,6,'Entregado','\0',NULL,'alta de consumicion-',150,8,528,'155-1'),(379,18,NULL,6,'Entregado','\0',NULL,'alta de consumicion-',150,8,529,'155-2'),(380,15,NULL,6,'Entregado','\0',NULL,'alta de consumicion-',150,8,530,'155-3'),(381,24,NULL,8,'Entregado','\0',NULL,'alta de consumicion-',151,10,532,'156-0'),(382,21,NULL,8,'Entregado','\0',NULL,'alta de consumicion-',151,10,533,'156-1'),(383,18,NULL,8,'Entregado','\0',NULL,'alta de consumicion-',151,10,534,'156-2'),(384,15,NULL,8,'Entregado','\0',NULL,'alta de consumicion-',151,10,535,'156-3'),(385,18,NULL,7,'Entregado','\0',NULL,'alta de consumicion-',152,9,537,'157-0'),(386,15,NULL,7,'Entregado','\0',NULL,'alta de consumicion-',152,9,538,'157-1'),(387,15,NULL,13,'Entregado','\0',NULL,'alta de consumicion-',153,16,540,'158-0'),(388,21,NULL,7,'Entregado','\0',NULL,'alta de consumicion-',154,9,542,'159-0'),(389,18,NULL,7,'Entregado','\0',NULL,'alta de consumicion-',154,9,543,'159-1'),(390,15,NULL,7,'Entregado','\0',NULL,'alta de consumicion-',154,9,544,'159-2'),(391,21,NULL,3,'Entregado','\0',NULL,'alta de consumicion-',155,3,546,'160-0'),(392,18,NULL,3,'Entregado','\0',NULL,'alta de consumicion-',155,3,547,'160-1'),(393,15,NULL,3,'Entregado','\0',NULL,'alta de consumicion-',155,3,548,'160-2'),(394,18,NULL,2,'Entregado','\0',NULL,'alta de consumicion-',156,2,550,'161-0'),(395,15,NULL,2,'Entregado','\0',NULL,'alta de consumicion-',156,2,551,'161-1'),(396,24,NULL,7,'Entregado','\0',NULL,'alta de consumicion-',157,9,553,'162-0'),(397,21,NULL,7,'Entregado','\0',NULL,'alta de consumicion-',157,9,554,'162-1'),(398,18,NULL,7,'Entregado','\0',NULL,'alta de consumicion-',157,9,555,'162-2'),(399,15,NULL,7,'Entregado','\0',NULL,'alta de consumicion-',157,9,556,'162-3'),(400,24,NULL,3,'Entregado','\0',NULL,'alta de consumicion-',158,3,558,'163-0'),(401,21,NULL,3,'Entregado','\0',NULL,'alta de consumicion-',158,3,559,'163-1'),(402,18,NULL,3,'Entregado','\0',NULL,'alta de consumicion-',158,3,560,'163-2'),(403,15,NULL,3,'Entregado','\0',NULL,'alta de consumicion-',158,3,561,'163-3'),(404,18,NULL,8,'Entregado','\0',NULL,'alta de consumicion-',159,10,563,'164-0'),(405,15,NULL,8,'Entregado','\0',NULL,'alta de consumicion-',159,10,564,'164-1'),(406,21,NULL,12,'Entregado','\0',NULL,'alta de consumicion-',160,15,566,'165-0'),(407,18,NULL,12,'Entregado','\0',NULL,'alta de consumicion-',160,15,567,'165-1'),(408,15,NULL,12,'Entregado','\0',NULL,'alta de consumicion-',160,15,568,'165-2'),(409,18,NULL,8,'Entregado','\0',NULL,'alta de consumicion-',161,10,570,'166-0'),(410,15,NULL,8,'Entregado','\0',NULL,'alta de consumicion-',161,10,571,'166-1'),(411,24,NULL,9,'Entregado','\0',NULL,'alta de consumicion-',162,11,573,'167-0'),(412,21,NULL,9,'Entregado','\0',NULL,'alta de consumicion-',162,11,574,'167-1'),(413,18,NULL,9,'Entregado','\0',NULL,'alta de consumicion-',162,11,575,'167-2'),(414,15,NULL,9,'Entregado','\0',NULL,'alta de consumicion-',162,11,576,'167-3'),(415,18,NULL,3,'Entregado','\0',NULL,'alta de consumicion-',163,3,578,'168-0'),(416,15,NULL,3,'Entregado','\0',NULL,'alta de consumicion-',163,3,579,'168-1'),(417,15,NULL,10,'Entregado','\0',NULL,'alta de consumicion-',164,12,581,'169-0'),(418,15,NULL,12,'Entregado','\0',NULL,'alta de consumicion-',165,15,583,'170-0'),(419,24,NULL,13,'Entregado','\0',NULL,'alta de consumicion-',166,16,585,'171-0'),(420,21,NULL,13,'Entregado','\0',NULL,'alta de consumicion-',166,16,586,'171-1'),(421,18,NULL,13,'Entregado','\0',NULL,'alta de consumicion-',166,16,587,'171-2'),(422,15,NULL,13,'Entregado','\0',NULL,'alta de consumicion-',166,16,588,'171-3'),(423,24,NULL,5,'Entregado','\0',NULL,'alta de consumicion-',167,7,590,'172-0'),(424,21,NULL,5,'Entregado','\0',NULL,'alta de consumicion-',167,7,591,'172-1'),(425,18,NULL,5,'Entregado','\0',NULL,'alta de consumicion-',167,7,592,'172-2'),(426,15,NULL,5,'Entregado','\0',NULL,'alta de consumicion-',167,7,593,'172-3'),(427,15,NULL,1,'Entregado','\0',NULL,'alta de consumicion-',168,1,595,'173-0'),(428,15,NULL,5,'Entregado','\0',NULL,'alta de consumicion-',169,7,597,'174-0'),(429,18,NULL,13,'Entregado','\0',NULL,'alta de consumicion-',170,16,599,'175-0'),(430,15,NULL,13,'Entregado','\0',NULL,'alta de consumicion-',170,16,600,'175-1'),(431,24,NULL,14,'Entregado','\0',NULL,'alta de consumicion-',171,17,602,'176-0'),(432,21,NULL,14,'Entregado','\0',NULL,'alta de consumicion-',171,17,603,'176-1'),(433,18,NULL,14,'Entregado','\0',NULL,'alta de consumicion-',171,17,604,'176-2'),(434,15,NULL,14,'Entregado','\0',NULL,'alta de consumicion-',171,17,605,'176-3'),(435,18,NULL,14,'Entregado','\0',NULL,'alta de consumicion-',172,17,607,'177-0'),(436,15,NULL,14,'Entregado','\0',NULL,'alta de consumicion-',172,17,608,'177-1'),(437,15,NULL,2,'Entregado','\0',NULL,'alta de consumicion-',173,2,610,'178-0'),(438,18,NULL,6,'Entregado','\0',NULL,'alta de consumicion-',174,8,612,'179-0'),(439,15,NULL,6,'Entregado','\0',NULL,'alta de consumicion-',174,8,613,'179-1'),(440,21,NULL,7,'Entregado','\0',NULL,'alta de consumicion-',175,9,615,'180-0'),(441,18,NULL,7,'Entregado','\0',NULL,'alta de consumicion-',175,9,616,'180-1'),(442,15,NULL,7,'Entregado','\0',NULL,'alta de consumicion-',175,9,617,'180-2'),(443,21,NULL,5,'Entregado','\0',NULL,'alta de consumicion-',176,7,619,'181-0'),(444,18,NULL,5,'Entregado','\0',NULL,'alta de consumicion-',176,7,620,'181-1'),(445,15,NULL,5,'Entregado','\0',NULL,'alta de consumicion-',176,7,621,'181-2'),(446,18,NULL,3,'Entregado','\0',NULL,'alta de consumicion-',177,3,623,'182-0'),(447,15,NULL,3,'Entregado','\0',NULL,'alta de consumicion-',177,3,624,'182-1'),(448,21,NULL,6,'Entregado','\0',NULL,'alta de consumicion-',178,8,626,'183-0'),(449,18,NULL,6,'Entregado','\0',NULL,'alta de consumicion-',178,8,627,'183-1'),(450,15,NULL,6,'Entregado','\0',NULL,'alta de consumicion-',178,8,628,'183-2'),(451,21,NULL,7,'Entregado','\0',NULL,'alta de consumicion-',179,9,630,'184-0'),(452,18,NULL,7,'Entregado','\0',NULL,'alta de consumicion-',179,9,631,'184-1'),(453,15,NULL,7,'Entregado','\0',NULL,'alta de consumicion-',179,9,632,'184-2'),(454,18,NULL,3,'Entregado','\0',NULL,'alta de consumicion-',180,3,634,'185-0'),(455,15,NULL,3,'Entregado','\0',NULL,'alta de consumicion-',180,3,635,'185-1'),(456,15,NULL,12,'Entregado','\0',NULL,'alta de consumicion-',181,15,637,'186-0'),(457,24,NULL,10,'Entregado','\0',NULL,'alta de consumicion-',182,12,639,'187-0'),(458,21,NULL,10,'Entregado','\0',NULL,'alta de consumicion-',182,12,640,'187-1'),(459,18,NULL,10,'Entregado','\0',NULL,'alta de consumicion-',182,12,641,'187-2'),(460,15,NULL,10,'Entregado','\0',NULL,'alta de consumicion-',182,12,642,'187-3'),(461,21,NULL,9,'Entregado','\0',NULL,'alta de consumicion-',183,11,644,'188-0'),(462,18,NULL,9,'Entregado','\0',NULL,'alta de consumicion-',183,11,645,'188-1'),(463,15,NULL,9,'Entregado','\0',NULL,'alta de consumicion-',183,11,646,'188-2'),(464,24,NULL,10,'Entregado','\0',NULL,'alta de consumicion-',184,12,648,'189-0'),(465,21,NULL,10,'Entregado','\0',NULL,'alta de consumicion-',184,12,649,'189-1'),(466,18,NULL,10,'Entregado','\0',NULL,'alta de consumicion-',184,12,650,'189-2'),(467,15,NULL,10,'Entregado','\0',NULL,'alta de consumicion-',184,12,651,'189-3'),(468,21,NULL,10,'Entregado','\0',NULL,'alta de consumicion-',185,12,653,'190-0'),(469,18,NULL,10,'Entregado','\0',NULL,'alta de consumicion-',185,12,654,'190-1'),(470,15,NULL,10,'Entregado','\0',NULL,'alta de consumicion-',185,12,655,'190-2'),(471,15,NULL,2,'Entregado','\0',NULL,'alta de consumicion-',186,2,657,'191-0'),(472,24,NULL,5,'Entregado','\0',NULL,'alta de consumicion-',187,7,659,'192-0'),(473,21,NULL,5,'Entregado','\0',NULL,'alta de consumicion-',187,7,660,'192-1'),(474,18,NULL,5,'Entregado','\0',NULL,'alta de consumicion-',187,7,661,'192-2'),(475,15,NULL,5,'Entregado','\0',NULL,'alta de consumicion-',187,7,662,'192-3'),(476,24,NULL,8,'Entregado','\0',NULL,'alta de consumicion-',188,10,664,'193-0'),(477,21,NULL,8,'Entregado','\0',NULL,'alta de consumicion-',188,10,665,'193-1'),(478,18,NULL,8,'Entregado','\0',NULL,'alta de consumicion-',188,10,666,'193-2'),(479,15,NULL,8,'Entregado','\0',NULL,'alta de consumicion-',188,10,667,'193-3'),(480,24,NULL,7,'Entregado','\0',NULL,'alta de consumicion-',189,9,669,'194-0'),(481,21,NULL,7,'Entregado','\0',NULL,'alta de consumicion-',189,9,670,'194-1'),(482,18,NULL,7,'Entregado','\0',NULL,'alta de consumicion-',189,9,671,'194-2'),(483,15,NULL,7,'Entregado','\0',NULL,'alta de consumicion-',189,9,672,'194-3'),(484,24,NULL,8,'Entregado','\0',NULL,'alta de consumicion-',190,10,674,'195-0'),(485,21,NULL,8,'Entregado','\0',NULL,'alta de consumicion-',190,10,675,'195-1'),(486,18,NULL,8,'Entregado','\0',NULL,'alta de consumicion-',190,10,676,'195-2'),(487,15,NULL,8,'Entregado','\0',NULL,'alta de consumicion-',190,10,677,'195-3'),(488,21,NULL,5,'Entregado','\0',NULL,'alta de consumicion-',191,7,679,'196-0'),(489,18,NULL,5,'Entregado','\0',NULL,'alta de consumicion-',191,7,680,'196-1'),(490,15,NULL,5,'Entregado','\0',NULL,'alta de consumicion-',191,7,681,'196-2'),(491,21,NULL,8,'Entregado','\0',NULL,'alta de consumicion-',192,10,683,'197-0'),(492,18,NULL,8,'Entregado','\0',NULL,'alta de consumicion-',192,10,684,'197-1'),(493,15,NULL,8,'Entregado','\0',NULL,'alta de consumicion-',192,10,685,'197-2'),(494,21,NULL,13,'Entregado','\0',NULL,'alta de consumicion-',193,16,687,'198-0'),(495,18,NULL,13,'Entregado','\0',NULL,'alta de consumicion-',193,16,688,'198-1'),(496,15,NULL,13,'Entregado','\0',NULL,'alta de consumicion-',193,16,689,'198-2'),(497,24,NULL,3,'Entregado','\0',NULL,'alta de consumicion-',194,3,691,'199-0'),(498,21,NULL,3,'Entregado','\0',NULL,'alta de consumicion-',194,3,692,'199-1'),(499,18,NULL,3,'Entregado','\0',NULL,'alta de consumicion-',194,3,693,'199-2'),(500,15,NULL,3,'Entregado','\0',NULL,'alta de consumicion-',194,3,694,'199-3'),(501,24,NULL,3,'Entregado','\0',NULL,'alta de consumicion-',195,3,696,'200-0'),(502,21,NULL,3,'Entregado','\0',NULL,'alta de consumicion-',195,3,697,'200-1'),(503,18,NULL,3,'Entregado','\0',NULL,'alta de consumicion-',195,3,698,'200-2'),(504,15,NULL,3,'Entregado','\0',NULL,'alta de consumicion-',195,3,699,'200-3'),(505,18,NULL,9,'Entregado','\0',NULL,'alta de consumicion-',196,11,701,'201-0'),(506,15,NULL,9,'Entregado','\0',NULL,'alta de consumicion-',196,11,702,'201-1'),(507,24,NULL,14,'Entregado','\0',NULL,'alta de consumicion-',197,17,704,'202-0'),(508,21,NULL,14,'Entregado','\0',NULL,'alta de consumicion-',197,17,705,'202-1'),(509,18,NULL,14,'Entregado','\0',NULL,'alta de consumicion-',197,17,706,'202-2'),(510,15,NULL,14,'Entregado','\0',NULL,'alta de consumicion-',197,17,707,'202-3'),(511,21,NULL,9,'Entregado','\0',NULL,'alta de consumicion-',198,11,709,'203-0'),(512,18,NULL,9,'Entregado','\0',NULL,'alta de consumicion-',198,11,710,'203-1'),(513,15,NULL,9,'Entregado','\0',NULL,'alta de consumicion-',198,11,711,'203-2'),(514,21,NULL,8,'Entregado','\0',NULL,'alta de consumicion-',199,10,713,'204-0'),(515,18,NULL,8,'Entregado','\0',NULL,'alta de consumicion-',199,10,714,'204-1'),(516,15,NULL,8,'Entregado','\0',NULL,'alta de consumicion-',199,10,715,'204-2'),(517,24,NULL,8,'Entregado','\0',NULL,'alta de consumicion-',200,10,717,'205-0'),(518,21,NULL,8,'Entregado','\0',NULL,'alta de consumicion-',200,10,718,'205-1'),(519,18,NULL,8,'Entregado','\0',NULL,'alta de consumicion-',200,10,719,'205-2'),(520,15,NULL,8,'Entregado','\0',NULL,'alta de consumicion-',200,10,720,'205-3'),(521,18,NULL,7,'Entregado','\0',NULL,'alta de consumicion-',201,9,722,'206-0'),(522,15,NULL,7,'Entregado','\0',NULL,'alta de consumicion-',201,9,723,'206-1'),(523,21,NULL,13,'Entregado','\0',NULL,'alta de consumicion-',202,16,725,'207-0'),(524,18,NULL,13,'Entregado','\0',NULL,'alta de consumicion-',202,16,726,'207-1'),(525,15,NULL,13,'Entregado','\0',NULL,'alta de consumicion-',202,16,727,'207-2'),(526,18,NULL,10,'Entregado','\0',NULL,'alta de consumicion-',203,12,729,'208-0'),(527,15,NULL,10,'Entregado','\0',NULL,'alta de consumicion-',203,12,730,'208-1'),(528,15,NULL,10,'Entregado','\0',NULL,'alta de consumicion-',204,12,732,'209-0');
/*!40000 ALTER TABLE `orden` ENABLE KEYS */;
UNLOCK TABLES;

--
-- Table structure for table `orden_state`
--

DROP TABLE IF EXISTS `orden_state`;
/*!40101 SET @saved_cs_client     = @@character_set_client */;
/*!40101 SET character_set_client = utf8 */;
CREATE TABLE `orden_state` (
  `id` bigint(20) NOT NULL AUTO_INCREMENT,
  `version` bigint(20) NOT NULL,
  `nombre` varchar(255) NOT NULL,
  `class` varchar(255) NOT NULL,
  PRIMARY KEY (`id`)
) ENGINE=InnoDB DEFAULT CHARSET=latin1;
/*!40101 SET character_set_client = @saved_cs_client */;

--
-- Dumping data for table `orden_state`
--

LOCK TABLES `orden_state` WRITE;
/*!40000 ALTER TABLE `orden_state` DISABLE KEYS */;
/*!40000 ALTER TABLE `orden_state` ENABLE KEYS */;
UNLOCK TABLES;

--
-- Table structure for table `orden_state_user_type`
--

DROP TABLE IF EXISTS `orden_state_user_type`;
/*!40101 SET @saved_cs_client     = @@character_set_client */;
/*!40101 SET character_set_client = utf8 */;
CREATE TABLE `orden_state_user_type` (
  `id` bigint(20) NOT NULL AUTO_INCREMENT,
  `version` bigint(20) NOT NULL,
  PRIMARY KEY (`id`)
) ENGINE=InnoDB DEFAULT CHARSET=latin1;
/*!40101 SET character_set_client = @saved_cs_client */;

--
-- Dumping data for table `orden_state_user_type`
--

LOCK TABLES `orden_state_user_type` WRITE;
/*!40000 ALTER TABLE `orden_state_user_type` DISABLE KEYS */;
/*!40000 ALTER TABLE `orden_state_user_type` ENABLE KEYS */;
UNLOCK TABLES;

--
-- Table structure for table `pedido`
--

DROP TABLE IF EXISTS `pedido`;
/*!40101 SET @saved_cs_client     = @@character_set_client */;
/*!40101 SET character_set_client = utf8 */;
CREATE TABLE `pedido` (
  `id` bigint(20) NOT NULL AUTO_INCREMENT,
  `version` bigint(20) NOT NULL,
  `comensales` int(11) NOT NULL,
  `date_created` datetime NOT NULL,
  `estado_id` varchar(255) NOT NULL,
  `fecha_pago` datetime DEFAULT NULL,
  `mesa_id` bigint(20) NOT NULL,
  `monto_pagado` float DEFAULT NULL,
  `motivo_anulacion` varchar(255) DEFAULT NULL,
  `mozo_id` bigint(20) NOT NULL,
  `promocion_id` bigint(20) DEFAULT NULL,
  `timer_id` bigint(20) NOT NULL,
  `tipo_pago` int(11) NOT NULL,
  PRIMARY KEY (`id`),
  KEY `FKC4DD1745392313D8` (`mozo_id`),
  KEY `FKC4DD174527A97578` (`mesa_id`),
  KEY `FKC4DD1745106C8A7C` (`promocion_id`),
  KEY `FKC4DD1745F42BEC87` (`timer_id`),
  CONSTRAINT `FKC4DD1745F42BEC87` FOREIGN KEY (`timer_id`) REFERENCES `state_timer` (`id`),
  CONSTRAINT `FKC4DD1745106C8A7C` FOREIGN KEY (`promocion_id`) REFERENCES `promocion` (`id`),
  CONSTRAINT `FKC4DD174527A97578` FOREIGN KEY (`mesa_id`) REFERENCES `mesa` (`id`),
  CONSTRAINT `FKC4DD1745392313D8` FOREIGN KEY (`mozo_id`) REFERENCES `mozo` (`id`)
) ENGINE=InnoDB AUTO_INCREMENT=205 DEFAULT CHARSET=latin1;
/*!40101 SET character_set_client = @saved_cs_client */;

--
-- Dumping data for table `pedido`
--

LOCK TABLES `pedido` WRITE;
/*!40000 ALTER TABLE `pedido` DISABLE KEYS */;
INSERT INTO `pedido` VALUES (1,34,3,'2014-06-09 21:45:15','Pagado','2014-06-09 21:45:19',6,NULL,NULL,5,NULL,1,2),(2,34,3,'2014-06-09 21:45:19','Pagado','2014-06-09 21:45:23',7,NULL,NULL,5,NULL,6,2),(3,13,3,'2014-06-09 21:45:23','Pagado','2014-06-09 21:45:24',8,NULL,NULL,5,NULL,11,2),(4,27,3,'2014-06-09 21:45:25','Pagado','2014-06-09 21:45:28',9,NULL,NULL,5,NULL,13,2),(5,27,3,'2014-06-09 21:45:28','Pagado','2014-06-09 21:45:30',10,NULL,NULL,5,NULL,17,2),(6,34,3,'2014-06-09 21:45:30','Pagado','2014-06-09 21:45:33',11,NULL,NULL,5,NULL,21,2),(7,34,3,'2014-06-09 21:45:33','Pagado','2014-06-09 21:45:37',12,NULL,NULL,5,NULL,26,2),(8,13,3,'2014-06-09 21:45:37','Pagado','2014-06-09 21:45:38',13,NULL,NULL,5,NULL,31,2),(9,34,3,'2014-06-09 21:45:38','Pagado','2014-06-09 21:45:42',14,NULL,NULL,5,NULL,33,2),(10,13,3,'2014-06-09 21:45:42','Pagado','2014-06-09 21:45:43',15,NULL,NULL,5,NULL,38,2),(11,34,3,'2014-06-09 21:45:43','Pagado','2014-06-09 21:45:46',16,NULL,NULL,5,NULL,40,2),(12,13,3,'2014-06-09 21:45:46','Pagado','2014-06-09 21:45:48',17,NULL,NULL,5,NULL,45,2),(13,13,3,'2014-06-09 21:45:48','Pagado','2014-06-09 21:45:49',18,NULL,NULL,5,NULL,47,2),(14,13,3,'2014-06-09 21:45:49','Pagado','2014-06-09 21:45:50',19,NULL,NULL,5,NULL,49,2),(15,13,3,'2014-06-09 21:45:50','Pagado','2014-06-09 21:45:51',20,NULL,NULL,5,NULL,51,2),(16,13,3,'2014-06-09 21:45:51','Pagado','2014-06-09 21:45:52',21,NULL,NULL,5,NULL,53,2),(17,20,3,'2014-06-09 21:45:52','Pagado','2014-06-09 21:45:54',22,NULL,NULL,5,NULL,55,2),(18,27,3,'2014-06-09 21:45:54','Pagado','2014-06-09 21:45:56',23,NULL,NULL,5,NULL,58,2),(19,27,3,'2014-06-09 21:45:56','Pagado','2014-06-09 21:45:59',24,NULL,NULL,5,NULL,62,2),(20,34,3,'2014-06-09 21:45:59','Pagado','2014-06-09 21:46:03',25,NULL,NULL,5,NULL,66,2),(21,20,3,'2014-06-09 21:46:03','Pagado','2014-04-20 18:46:07',26,NULL,NULL,5,NULL,71,2),(22,27,3,'2014-06-09 21:46:04','Pagado','2014-04-20 18:46:07',27,NULL,NULL,5,NULL,74,2),(23,13,3,'2014-06-09 21:46:07','Pagado','2014-04-20 18:46:07',28,NULL,NULL,5,NULL,78,2),(24,34,3,'2014-06-09 21:46:08','Pagado','2014-04-20 18:46:07',29,NULL,NULL,5,NULL,80,2),(25,20,3,'2014-06-09 21:46:12','Pagado','2014-04-20 18:46:07',30,NULL,NULL,5,NULL,85,2),(26,20,3,'2014-06-09 21:46:13','Pagado','2014-04-20 18:46:07',31,NULL,NULL,5,NULL,88,2),(27,20,3,'2014-06-09 21:46:15','Pagado','2014-04-20 18:46:07',32,NULL,NULL,5,NULL,91,2),(28,20,3,'2014-06-09 21:46:17','Pagado','2014-04-20 18:46:07',33,NULL,NULL,5,NULL,94,2),(29,20,3,'2014-06-09 21:46:19','Pagado','2014-04-20 18:46:07',34,NULL,NULL,5,NULL,97,2),(30,34,3,'2014-06-09 21:46:21','Pagado','2014-04-20 18:46:07',35,NULL,NULL,5,NULL,100,2),(31,13,3,'2014-06-09 21:46:24','Pagado','2014-04-20 18:46:07',36,NULL,NULL,5,NULL,105,2),(32,20,3,'2014-06-09 21:46:25','Pagado','2014-04-20 18:46:07',37,NULL,NULL,5,NULL,107,2),(33,20,3,'2014-06-09 21:46:27','Pagado','2014-04-20 18:46:07',38,NULL,NULL,5,NULL,110,2),(34,34,3,'2014-06-09 21:46:29','Pagado','2014-04-20 18:46:07',39,NULL,NULL,5,NULL,113,2),(35,20,3,'2014-06-09 21:46:33','Pagado','2014-04-20 18:46:07',40,NULL,NULL,5,NULL,118,2),(36,27,3,'2014-06-09 21:46:34','Pagado','2014-04-20 18:46:07',41,NULL,NULL,5,NULL,121,2),(37,27,3,'2014-06-09 21:46:37','Pagado','2014-04-20 18:46:07',42,NULL,NULL,5,NULL,125,2),(38,27,3,'2014-06-09 21:46:40','Pagado','2014-04-20 18:46:07',43,NULL,NULL,5,NULL,129,2),(39,13,3,'2014-06-09 21:46:43','Pagado','2014-04-20 18:46:07',44,NULL,NULL,5,NULL,133,2),(40,13,3,'2014-06-09 21:46:45','Pagado','2014-04-20 18:46:07',45,NULL,NULL,5,NULL,135,2),(41,34,3,'2014-06-09 21:46:47','Pagado','2014-03-20 18:46:07',46,NULL,NULL,5,NULL,137,2),(42,20,3,'2014-06-09 21:46:54','Pagado','2014-03-20 18:46:07',47,NULL,NULL,5,NULL,142,2),(43,34,3,'2014-06-09 21:46:56','Pagado','2014-03-20 18:46:07',48,NULL,NULL,5,NULL,145,2),(44,34,3,'2014-06-09 21:46:59','Pagado','2014-03-20 18:46:07',49,NULL,NULL,5,NULL,150,2),(45,20,3,'2014-06-09 21:47:02','Pagado','2014-03-20 18:46:07',50,NULL,NULL,5,NULL,155,2),(46,27,3,'2014-06-09 21:47:05','Pagado','2014-03-20 18:46:07',51,NULL,NULL,5,NULL,158,2),(47,27,3,'2014-06-09 21:47:07','Pagado','2014-03-20 18:46:07',52,NULL,NULL,5,NULL,162,2),(48,13,3,'2014-06-09 21:47:10','Pagado','2014-03-20 18:46:07',53,NULL,NULL,5,NULL,166,2),(49,27,3,'2014-06-09 21:47:11','Pagado','2014-03-20 18:46:07',54,NULL,NULL,5,NULL,168,2),(50,20,3,'2014-06-09 21:47:13','Pagado','2014-03-20 18:46:07',55,NULL,NULL,5,NULL,172,2),(51,20,3,'2014-06-09 21:47:16','Pagado','2014-02-20 18:46:07',56,NULL,NULL,5,NULL,175,2),(52,34,3,'2014-06-09 21:47:18','Pagado','2014-02-20 18:46:07',57,NULL,NULL,5,NULL,178,2),(53,13,3,'2014-06-09 21:47:21','Pagado','2014-02-20 18:46:07',58,NULL,NULL,5,NULL,183,2),(54,13,3,'2014-06-09 21:47:22','Pagado','2014-02-20 18:46:07',59,NULL,NULL,5,NULL,185,2),(55,34,3,'2014-06-09 21:47:23','Pagado','2014-02-20 18:46:07',60,NULL,NULL,5,NULL,187,2),(56,27,3,'2014-06-09 21:47:27','Pagado','2014-02-20 18:46:07',61,NULL,NULL,5,NULL,192,2),(57,13,3,'2014-06-09 21:47:29','Pagado','2014-02-20 18:46:07',62,NULL,NULL,5,NULL,196,2),(58,27,3,'2014-06-09 21:47:30','Pagado','2014-02-20 18:46:07',63,NULL,NULL,5,NULL,198,2),(59,27,3,'2014-06-09 21:47:33','Pagado','2014-02-20 18:46:07',64,NULL,NULL,5,NULL,202,2),(60,27,3,'2014-06-09 21:47:36','Pagado','2014-02-20 18:46:07',65,NULL,NULL,5,NULL,206,2),(61,34,3,'2014-06-09 21:47:38','Pagado','2014-02-20 18:46:07',66,NULL,NULL,5,NULL,210,2),(62,34,3,'2014-06-09 21:47:42','Pagado','2014-02-20 18:46:07',67,NULL,NULL,5,NULL,215,2),(63,27,3,'2014-06-09 21:47:45','Pagado','2014-02-20 18:46:07',68,NULL,NULL,5,NULL,220,2),(64,20,3,'2014-06-09 21:47:48','Pagado','2014-02-20 18:46:07',69,NULL,NULL,5,NULL,224,2),(65,20,3,'2014-06-09 21:47:50','Pagado','2014-02-20 18:46:07',70,NULL,NULL,5,NULL,227,2),(66,20,3,'2014-06-09 21:47:51','Pagado','2014-02-20 18:46:07',71,NULL,NULL,5,NULL,230,2),(67,13,3,'2014-06-09 21:47:53','Pagado','2014-02-20 18:46:07',72,NULL,NULL,5,NULL,233,2),(68,27,3,'2014-06-09 21:47:54','Pagado','2014-02-20 18:46:07',73,NULL,NULL,5,NULL,235,2),(69,27,3,'2014-06-09 21:47:57','Pagado','2014-02-20 18:46:07',74,NULL,NULL,5,NULL,239,2),(70,20,3,'2014-06-09 21:48:00','Pagado','2014-02-20 18:46:07',75,NULL,NULL,5,NULL,243,2),(71,20,3,'2014-06-09 21:48:01','Pagado','2014-01-20 18:46:07',76,NULL,NULL,5,NULL,246,2),(72,13,3,'2014-06-09 21:48:03','Pagado','2014-01-20 18:46:07',77,NULL,NULL,5,NULL,249,2),(73,27,3,'2014-06-09 21:48:04','Pagado','2014-01-20 18:46:07',78,NULL,NULL,5,NULL,251,2),(74,20,3,'2014-06-09 21:48:07','Pagado','2014-01-20 18:46:07',79,NULL,NULL,5,NULL,255,2),(75,13,3,'2014-06-09 21:48:08','Pagado','2014-01-20 18:46:07',80,NULL,NULL,5,NULL,258,2),(76,13,3,'2014-06-09 21:48:10','Pagado','2014-01-20 18:46:07',81,NULL,NULL,5,NULL,260,2),(77,27,3,'2014-06-09 21:48:11','Pagado','2014-01-20 18:46:07',82,NULL,NULL,5,NULL,262,2),(78,34,3,'2014-06-09 21:48:14','Pagado','2014-01-20 18:46:07',83,NULL,NULL,5,NULL,266,2),(79,13,3,'2014-06-09 21:48:17','Pagado','2014-01-20 18:46:07',84,NULL,NULL,5,NULL,271,2),(80,13,3,'2014-06-09 21:48:18','Pagado','2014-01-20 18:46:07',85,NULL,NULL,5,NULL,273,2),(81,34,3,'2014-06-09 21:48:19','Pagado','2014-01-20 18:46:07',86,NULL,NULL,5,NULL,275,2),(82,13,3,'2014-06-09 21:48:23','Pagado','2014-01-20 18:46:07',87,NULL,NULL,5,NULL,280,2),(83,13,3,'2014-06-09 21:48:24','Pagado','2014-01-20 18:46:07',88,NULL,NULL,5,NULL,282,2),(84,20,3,'2014-06-09 21:48:25','Pagado','2014-01-20 18:46:07',89,NULL,NULL,5,NULL,284,2),(85,20,3,'2014-06-09 21:48:27','Pagado','2014-01-20 18:46:07',90,NULL,NULL,5,NULL,287,2),(86,34,3,'2014-06-09 21:48:29','Pagado','2014-01-20 18:46:07',91,NULL,NULL,5,NULL,290,2),(87,20,3,'2014-06-09 21:48:32','Pagado','2014-01-20 18:46:07',92,NULL,NULL,5,NULL,295,2),(88,27,3,'2014-06-09 21:48:34','Pagado','2014-01-20 18:46:07',93,NULL,NULL,5,NULL,298,2),(89,27,3,'2014-06-09 21:48:37','Pagado','2014-01-20 18:46:07',94,NULL,NULL,5,NULL,302,2),(90,34,3,'2014-06-09 21:48:39','Pagado','2014-01-20 18:46:07',95,NULL,NULL,5,NULL,306,2),(91,34,3,'2014-06-09 21:48:43','Pagado','2013-12-20 18:46:07',96,NULL,NULL,5,NULL,311,2),(92,27,3,'2014-06-09 21:48:46','Pagado','2013-12-20 18:46:07',97,NULL,NULL,5,NULL,316,2),(93,27,3,'2014-06-09 21:48:49','Pagado','2013-12-20 18:46:07',98,NULL,NULL,5,NULL,320,2),(94,20,3,'2014-06-09 21:48:51','Pagado','2013-12-20 18:46:07',99,NULL,NULL,5,NULL,324,2),(95,34,3,'2014-06-09 21:48:53','Pagado','2013-12-20 18:46:07',100,NULL,NULL,5,NULL,327,2),(96,13,3,'2014-06-09 21:48:57','Pagado','2013-12-20 18:46:07',101,NULL,NULL,5,NULL,332,2),(97,13,3,'2014-06-09 21:48:58','Pagado','2013-12-20 18:46:07',102,NULL,NULL,5,NULL,334,2),(98,34,3,'2014-06-09 21:48:59','Pagado','2013-12-20 18:46:07',103,NULL,NULL,5,NULL,336,2),(99,27,3,'2014-06-09 21:49:02','Pagado','2013-12-20 18:46:07',104,NULL,NULL,5,NULL,341,2),(100,27,3,'2014-06-09 21:49:05','Pagado','2013-12-20 18:46:07',105,NULL,NULL,5,NULL,345,2),(101,13,3,'2014-06-09 21:49:08','Pagado','2013-12-20 18:46:07',106,NULL,NULL,5,NULL,349,2),(102,20,3,'2014-06-09 21:49:09','Pagado','2013-12-20 18:46:07',107,NULL,NULL,5,NULL,351,2),(103,20,3,'2014-06-09 21:49:10','Pagado','2013-12-20 18:46:07',108,NULL,NULL,5,NULL,354,2),(104,34,3,'2014-06-09 21:49:12','Pagado','2013-12-20 18:46:07',109,NULL,NULL,5,NULL,357,2),(105,20,3,'2014-06-09 21:49:16','Pagado','2013-12-20 18:46:07',110,NULL,NULL,5,NULL,362,2),(106,20,3,'2014-06-09 21:49:18','Pagado','2013-12-20 18:46:07',111,NULL,NULL,5,NULL,365,2),(107,34,3,'2014-06-09 21:49:20','Pagado','2013-12-20 18:46:07',112,NULL,NULL,5,NULL,368,2),(108,34,3,'2014-06-09 21:49:23','Pagado','2013-12-20 18:46:07',113,NULL,NULL,5,NULL,373,2),(109,20,3,'2014-06-09 21:49:26','Pagado','2013-12-20 18:46:07',114,NULL,NULL,5,NULL,378,2),(110,20,3,'2014-06-09 21:49:28','Pagado','2013-12-20 18:46:07',115,NULL,NULL,5,NULL,381,2),(111,34,3,'2014-06-09 21:49:30','Pagado','2013-11-20 18:46:07',116,NULL,NULL,5,NULL,384,2),(112,20,3,'2014-06-09 21:49:33','Pagado','2013-11-20 18:46:07',117,NULL,NULL,5,NULL,389,2),(113,13,3,'2014-06-09 21:49:35','Pagado','2013-11-20 18:46:07',118,NULL,NULL,5,NULL,392,2),(114,34,3,'2014-06-09 21:49:36','Pagado','2013-11-20 18:46:07',119,NULL,NULL,5,NULL,394,2),(115,13,3,'2014-06-09 21:49:40','Pagado','2013-11-20 18:46:07',120,NULL,NULL,5,NULL,399,2),(116,27,3,'2014-06-09 21:49:41','Pagado','2013-11-20 18:46:07',121,NULL,NULL,5,NULL,401,2),(117,34,3,'2014-06-09 21:49:43','Pagado','2013-11-20 18:46:07',122,NULL,NULL,5,NULL,405,2),(118,20,3,'2014-06-09 21:49:47','Pagado','2013-11-20 18:46:07',123,NULL,NULL,5,NULL,410,2),(119,13,3,'2014-06-09 21:49:49','Pagado','2013-11-20 18:46:07',124,NULL,NULL,5,NULL,413,2),(120,27,3,'2014-06-09 21:49:50','Pagado','2013-11-20 18:46:07',125,NULL,NULL,5,NULL,415,2),(121,34,3,'2014-06-09 21:49:52','Pagado','2013-11-20 18:46:07',126,NULL,NULL,5,NULL,419,2),(122,20,3,'2014-06-09 21:49:55','Pagado','2013-11-20 18:46:07',127,NULL,NULL,5,NULL,424,2),(123,27,3,'2014-06-09 21:49:57','Pagado','2013-11-20 18:46:07',128,NULL,NULL,5,NULL,427,2),(124,13,3,'2014-06-09 21:50:00','Pagado','2013-11-20 18:46:07',129,NULL,NULL,5,NULL,431,2),(125,34,3,'2014-06-09 21:50:01','Pagado','2013-11-20 18:46:07',130,NULL,NULL,5,NULL,433,2),(126,27,3,'2014-06-09 21:50:05','Pagado','2013-11-20 18:46:07',131,NULL,NULL,5,NULL,438,2),(127,34,3,'2014-06-09 21:50:07','Pagado','2013-11-20 18:46:07',132,NULL,NULL,5,NULL,442,2),(128,27,3,'2014-06-09 21:50:11','Pagado','2013-11-20 18:46:07',133,NULL,NULL,5,NULL,447,2),(129,27,3,'2014-06-09 21:50:13','Pagado','2013-11-20 18:46:07',134,NULL,NULL,5,NULL,451,2),(130,20,3,'2014-06-09 21:50:16','Pagado','2013-11-20 18:46:07',135,NULL,NULL,5,NULL,455,2),(131,34,3,'2014-06-09 21:50:18','Pagado','2013-10-20 18:46:07',136,NULL,NULL,5,NULL,458,2),(132,34,3,'2014-06-09 21:50:21','Pagado','2013-10-20 18:46:07',137,NULL,NULL,5,NULL,463,2),(133,20,3,'2014-06-09 21:50:24','Pagado','2013-10-20 18:46:07',138,NULL,NULL,5,NULL,468,2),(134,20,3,'2014-06-09 21:50:26','Pagado','2013-10-20 18:46:07',139,NULL,NULL,5,NULL,471,2),(135,13,3,'2014-06-09 21:50:28','Pagado','2013-10-20 18:46:07',140,NULL,NULL,5,NULL,474,2),(136,27,3,'2014-06-09 21:50:29','Pagado','2013-10-20 18:46:07',141,NULL,NULL,5,NULL,476,2),(137,20,3,'2014-06-09 21:50:32','Pagado','2013-10-20 18:46:07',142,NULL,NULL,5,NULL,480,2),(138,20,3,'2014-06-09 21:50:34','Pagado','2013-10-20 18:46:07',143,NULL,NULL,5,NULL,483,2),(139,20,3,'2014-06-09 21:50:35','Pagado','2013-10-20 18:46:07',144,NULL,NULL,5,NULL,486,2),(140,27,3,'2014-06-09 21:50:37','Pagado','2013-10-20 18:46:07',145,NULL,NULL,5,NULL,489,2),(141,34,3,'2014-06-09 21:50:40','Pagado','2013-10-20 18:46:07',146,NULL,NULL,5,NULL,493,2),(142,27,3,'2014-06-09 21:50:43','Pagado','2013-10-20 18:46:07',147,NULL,NULL,5,NULL,498,2),(143,20,3,'2014-06-09 21:50:46','Pagado','2013-10-20 18:46:07',148,NULL,NULL,5,NULL,502,2),(144,34,3,'2014-06-09 21:50:48','Pagado','2013-10-20 18:46:07',149,NULL,NULL,5,NULL,505,2),(145,13,3,'2014-06-09 21:50:51','Pagado','2013-10-20 18:46:07',150,NULL,NULL,5,NULL,510,2),(146,27,3,'2014-06-09 21:50:52','Pagado','2013-10-20 18:46:07',151,NULL,NULL,5,NULL,512,2),(147,27,3,'2014-06-09 21:50:55','Pagado','2013-10-20 18:46:07',152,NULL,NULL,5,NULL,516,2),(148,27,3,'2014-06-09 21:50:57','Pagado','2013-10-20 18:46:07',153,NULL,NULL,5,NULL,520,2),(149,13,3,'2014-06-09 21:51:00','Pagado','2013-10-20 18:46:07',154,NULL,NULL,5,NULL,524,2),(150,34,3,'2014-06-09 21:51:01','Pagado','2013-10-20 18:46:07',155,NULL,NULL,5,NULL,526,2),(151,34,3,'2014-06-09 21:51:04','Pagado','2013-09-20 18:46:07',156,NULL,NULL,5,NULL,531,2),(152,20,3,'2014-06-09 21:51:08','Pagado','2013-09-20 18:46:07',157,NULL,NULL,5,NULL,536,2),(153,13,3,'2014-06-09 21:51:10','Pagado','2013-09-20 18:46:07',158,NULL,NULL,5,NULL,539,2),(154,27,3,'2014-06-09 21:51:11','Pagado','2013-09-20 18:46:07',159,NULL,NULL,5,NULL,541,2),(155,27,3,'2014-06-09 21:51:13','Pagado','2013-09-20 18:46:07',160,NULL,NULL,5,NULL,545,2),(156,20,3,'2014-06-09 21:51:16','Pagado','2013-09-20 18:46:07',161,NULL,NULL,5,NULL,549,2),(157,34,3,'2014-06-09 21:51:18','Pagado','2013-09-20 18:46:07',162,NULL,NULL,5,NULL,552,2),(158,34,3,'2014-06-09 21:51:21','Pagado','2013-09-20 18:46:07',163,NULL,NULL,5,NULL,557,2),(159,20,3,'2014-06-09 21:51:24','Pagado','2013-09-20 18:46:07',164,NULL,NULL,5,NULL,562,2),(160,27,3,'2014-06-09 21:51:27','Pagado','2013-09-20 18:46:07',165,NULL,NULL,5,NULL,565,2),(161,20,3,'2014-06-09 21:51:29','Pagado','2013-09-20 18:46:07',166,NULL,NULL,5,NULL,569,2),(162,34,3,'2014-06-09 21:51:31','Pagado','2013-09-20 18:46:07',167,NULL,NULL,5,NULL,572,2),(163,20,3,'2014-06-09 21:51:34','Pagado','2013-09-20 18:46:07',168,NULL,NULL,5,NULL,577,2),(164,13,3,'2014-06-09 21:51:36','Pagado','2013-09-20 18:46:07',169,NULL,NULL,5,NULL,580,2),(165,13,3,'2014-06-09 21:51:38','Pagado','2013-09-20 18:46:07',170,NULL,NULL,5,NULL,582,2),(166,34,3,'2014-06-09 21:51:39','Pagado','2013-09-20 18:46:07',171,NULL,NULL,5,NULL,584,2),(167,34,3,'2014-06-09 21:51:42','Pagado','2013-09-20 18:46:07',172,NULL,NULL,5,NULL,589,2),(168,13,3,'2014-06-09 21:51:45','Pagado','2013-09-20 18:46:07',173,NULL,NULL,5,NULL,594,2),(169,13,3,'2014-06-09 21:51:46','Pagado','2013-09-20 18:46:07',174,NULL,NULL,5,NULL,596,2),(170,20,3,'2014-06-09 21:51:48','Pagado','2013-09-20 18:46:07',175,NULL,NULL,5,NULL,598,2),(171,34,3,'2014-06-09 21:51:50','Pagado','2013-08-20 18:46:07',176,NULL,NULL,5,NULL,601,2),(172,20,3,'2014-06-09 21:51:53','Pagado','2013-08-20 18:46:07',177,NULL,NULL,5,NULL,606,2),(173,13,3,'2014-06-09 21:51:55','Pagado','2013-08-20 18:46:07',178,NULL,NULL,5,NULL,609,2),(174,20,3,'2014-06-09 21:51:56','Pagado','2013-08-20 18:46:07',179,NULL,NULL,5,NULL,611,2),(175,27,3,'2014-06-09 21:51:58','Pagado','2013-08-20 18:46:07',180,NULL,NULL,5,NULL,614,2),(176,27,3,'2014-06-09 21:52:01','Pagado','2013-08-20 18:46:07',181,NULL,NULL,5,NULL,618,2),(177,20,3,'2014-06-09 21:52:03','Pagado','2013-08-20 18:46:07',182,NULL,NULL,5,NULL,622,2),(178,27,3,'2014-06-09 21:52:05','Pagado','2013-08-20 18:46:07',183,NULL,NULL,5,NULL,625,2),(179,27,3,'2014-06-09 21:52:08','Pagado','2013-08-20 18:46:07',184,NULL,NULL,5,NULL,629,2),(180,20,3,'2014-06-09 21:52:11','Pagado','2013-08-20 18:46:07',185,NULL,NULL,5,NULL,633,2),(181,13,3,'2014-06-09 21:52:12','Pagado','2013-08-20 18:46:07',186,NULL,NULL,5,NULL,636,2),(182,34,3,'2014-06-09 21:52:14','Pagado','2013-08-20 18:46:07',187,NULL,NULL,5,NULL,638,2),(183,27,3,'2014-06-09 21:52:17','Pagado','2013-08-20 18:46:07',188,NULL,NULL,5,NULL,643,2),(184,34,3,'2014-06-09 21:52:19','Pagado','2013-08-20 18:46:07',189,NULL,NULL,5,NULL,647,2),(185,27,3,'2014-06-09 21:52:23','Pagado','2013-08-20 18:46:07',190,NULL,NULL,5,NULL,652,2),(186,13,3,'2014-06-09 21:52:26','Pagado','2013-08-20 18:46:07',191,NULL,NULL,5,NULL,656,2),(187,34,3,'2014-06-09 21:52:27','Pagado','2013-08-20 18:46:07',192,NULL,NULL,5,NULL,658,2),(188,34,3,'2014-06-09 21:52:30','Pagado','2013-08-20 18:46:07',193,NULL,NULL,5,NULL,663,2),(189,34,3,'2014-06-09 21:52:34','Pagado','2013-08-20 18:46:07',194,NULL,NULL,5,NULL,668,2),(190,34,3,'2014-06-09 21:52:37','Pagado','2013-08-20 18:46:07',195,NULL,NULL,5,NULL,673,2),(191,27,3,'2014-06-09 21:52:40','Pagado','2014-05-20 18:46:07',196,NULL,NULL,5,NULL,678,2),(192,27,3,'2014-06-09 21:52:43','Pagado','2014-05-20 18:46:07',197,NULL,NULL,5,NULL,682,2),(193,27,3,'2014-06-09 21:52:46','Pagado','2014-05-20 18:46:07',198,NULL,NULL,5,NULL,686,2),(194,34,3,'2014-06-09 21:52:48','Pagado','2014-05-20 18:46:07',199,NULL,NULL,5,NULL,690,2),(195,34,3,'2014-06-09 21:52:52','Pagado','2014-05-20 18:46:07',200,NULL,NULL,5,NULL,695,2),(196,20,3,'2014-06-09 21:52:55','Pagado','2014-05-20 18:46:07',201,NULL,NULL,5,NULL,700,2),(197,34,3,'2014-06-09 21:52:57','Pagado','2014-05-20 18:46:07',202,NULL,NULL,5,NULL,703,2),(198,27,3,'2014-06-09 21:53:00','Pagado','2014-05-20 18:46:07',203,NULL,NULL,5,NULL,708,2),(199,27,3,'2014-06-09 21:53:03','Pagado','2014-05-20 18:46:07',204,NULL,NULL,5,NULL,712,2),(200,34,3,'2014-06-09 21:53:06','Pagado','2014-05-20 18:46:07',205,NULL,NULL,5,NULL,716,2),(201,20,3,'2014-06-09 21:53:09','Pagado','2014-05-20 18:46:07',206,NULL,NULL,5,NULL,721,2),(202,27,3,'2014-06-09 21:53:11','Pagado','2014-05-20 18:46:07',207,NULL,NULL,5,NULL,724,2),(203,20,3,'2014-06-09 21:53:13','Pagado','2014-05-20 18:46:07',208,NULL,NULL,5,NULL,728,2),(204,13,3,'2014-06-09 21:53:15','Pagado','2014-05-20 18:46:07',209,NULL,NULL,5,NULL,731,2);
/*!40000 ALTER TABLE `pedido` ENABLE KEYS */;
UNLOCK TABLES;

--
-- Table structure for table `pedido_state`
--

DROP TABLE IF EXISTS `pedido_state`;
/*!40101 SET @saved_cs_client     = @@character_set_client */;
/*!40101 SET character_set_client = utf8 */;
CREATE TABLE `pedido_state` (
  `id` bigint(20) NOT NULL AUTO_INCREMENT,
  `version` bigint(20) NOT NULL,
  `nombre` varchar(255) NOT NULL,
  `class` varchar(255) NOT NULL,
  PRIMARY KEY (`id`)
) ENGINE=InnoDB DEFAULT CHARSET=latin1;
/*!40101 SET character_set_client = @saved_cs_client */;

--
-- Dumping data for table `pedido_state`
--

LOCK TABLES `pedido_state` WRITE;
/*!40000 ALTER TABLE `pedido_state` DISABLE KEYS */;
/*!40000 ALTER TABLE `pedido_state` ENABLE KEYS */;
UNLOCK TABLES;

--
-- Table structure for table `precio`
--

DROP TABLE IF EXISTS `precio`;
/*!40101 SET @saved_cs_client     = @@character_set_client */;
/*!40101 SET character_set_client = utf8 */;
CREATE TABLE `precio` (
  `id` bigint(20) NOT NULL AUTO_INCREMENT,
  `version` bigint(20) NOT NULL,
  `consumible_id` bigint(20) NOT NULL,
  `descripcion` varchar(150) DEFAULT NULL,
  `valor` float NOT NULL,
  `precios_idx` int(11) DEFAULT NULL,
  PRIMARY KEY (`id`),
  KEY `FKC594A7461C202ED8` (`consumible_id`),
  CONSTRAINT `FKC594A7461C202ED8` FOREIGN KEY (`consumible_id`) REFERENCES `consumible` (`id`)
) ENGINE=InnoDB AUTO_INCREMENT=36 DEFAULT CHARSET=latin1;
/*!40101 SET character_set_client = @saved_cs_client */;

--
-- Dumping data for table `precio`
--

LOCK TABLES `precio` WRITE;
/*!40000 ALTER TABLE `precio` DISABLE KEYS */;
INSERT INTO `precio` VALUES (1,0,1,'-',30,0),(2,0,2,'-',22,0),(3,0,3,'-',20,0),(4,0,4,'Carne',10,0),(5,0,4,'Pollo',10,1),(6,0,4,'Jamón y Queso',10,2),(7,0,5,'-',22,0),(8,0,6,'-',20,0),(9,0,7,'-',55,0),(10,0,8,'-',45,0),(11,0,9,'-',17,0),(12,0,10,'-',17,0),(13,0,11,'1/4',40,0),(14,0,11,'1/2',70,1),(15,0,12,'-',29,0),(16,0,13,'-',32,0),(17,0,14,'-',40,0),(18,0,15,'-',15,0),(19,0,16,'-',15,0),(20,0,17,'-',15,0),(21,0,18,'Jarra (750 cc.)',15,0),(22,0,18,'Vaso (250 cc.)',10,1),(23,0,19,'Sin Gas',8,0),(24,0,19,'Con Gas',8,1),(25,0,20,'-',55,0),(26,0,21,'-',45,0),(27,0,22,'-',47,0),(28,0,23,'1 Porcion',15,0),(29,0,23,'Entera',45,1),(30,0,24,'Porcion',15,0),(31,0,24,'Entera',45,1),(32,0,25,'1',10,0),(33,0,25,'2',17,1),(34,0,25,'3',25,2),(35,0,26,'1 Porcion',15,0);
/*!40000 ALTER TABLE `precio` ENABLE KEYS */;
UNLOCK TABLES;

--
-- Table structure for table `promocion`
--

DROP TABLE IF EXISTS `promocion`;
/*!40101 SET @saved_cs_client     = @@character_set_client */;
/*!40101 SET character_set_client = utf8 */;
CREATE TABLE `promocion` (
  `id` bigint(20) NOT NULL AUTO_INCREMENT,
  `version` bigint(20) NOT NULL,
  `activo` bit(1) NOT NULL,
  `descripcion` varchar(250) NOT NULL,
  `fecha_fin` datetime NOT NULL,
  `fecha_inicio` datetime NOT NULL,
  `nombre` varchar(50) NOT NULL,
  `porcentaje_descuento` int(11) NOT NULL,
  `restaurant_id` bigint(20) NOT NULL,
  PRIMARY KEY (`id`),
  UNIQUE KEY `fecha_fin` (`fecha_fin`,`fecha_inicio`,`restaurant_id`,`nombre`),
  KEY `FKD0554254CA164B98` (`restaurant_id`),
  CONSTRAINT `FKD0554254CA164B98` FOREIGN KEY (`restaurant_id`) REFERENCES `restaurant` (`id`)
) ENGINE=InnoDB DEFAULT CHARSET=latin1;
/*!40101 SET character_set_client = @saved_cs_client */;

--
-- Dumping data for table `promocion`
--

LOCK TABLES `promocion` WRITE;
/*!40000 ALTER TABLE `promocion` DISABLE KEYS */;
/*!40000 ALTER TABLE `promocion` ENABLE KEYS */;
UNLOCK TABLES;

--
-- Table structure for table `restaurant`
--

DROP TABLE IF EXISTS `restaurant`;
/*!40101 SET @saved_cs_client     = @@character_set_client */;
/*!40101 SET character_set_client = utf8 */;
CREATE TABLE `restaurant` (
  `id` bigint(20) NOT NULL AUTO_INCREMENT,
  `version` bigint(20) NOT NULL,
  `direccion` varchar(70) DEFAULT NULL,
  `duenio_id` bigint(20) NOT NULL,
  `nombre` varchar(70) DEFAULT NULL,
  `precio_cubierto` float NOT NULL,
  `telefono` varchar(70) DEFAULT NULL,
  PRIMARY KEY (`id`),
  UNIQUE KEY `duenio_id` (`duenio_id`),
  KEY `FK965A4B3D4E73FBB8` (`duenio_id`),
  CONSTRAINT `FK965A4B3D4E73FBB8` FOREIGN KEY (`duenio_id`) REFERENCES `duenio` (`id`)
) ENGINE=InnoDB AUTO_INCREMENT=2 DEFAULT CHARSET=latin1;
/*!40101 SET character_set_client = @saved_cs_client */;

--
-- Dumping data for table `restaurant`
--

LOCK TABLES `restaurant` WRITE;
/*!40000 ALTER TABLE `restaurant` DISABLE KEYS */;
INSERT INTO `restaurant` VALUES (1,0,'Paséo Colón 850',2,'FIUBA',0,'4444-5555');
/*!40000 ALTER TABLE `restaurant` ENABLE KEYS */;
UNLOCK TABLES;

--
-- Table structure for table `rol`
--

DROP TABLE IF EXISTS `rol`;
/*!40101 SET @saved_cs_client     = @@character_set_client */;
/*!40101 SET character_set_client = utf8 */;
CREATE TABLE `rol` (
  `id` bigint(20) NOT NULL AUTO_INCREMENT,
  `version` bigint(20) NOT NULL,
  `authority` varchar(255) NOT NULL,
  PRIMARY KEY (`id`),
  UNIQUE KEY `authority` (`authority`)
) ENGINE=InnoDB AUTO_INCREMENT=5 DEFAULT CHARSET=latin1;
/*!40101 SET character_set_client = @saved_cs_client */;

--
-- Dumping data for table `rol`
--

LOCK TABLES `rol` WRITE;
/*!40000 ALTER TABLE `rol` DISABLE KEYS */;
INSERT INTO `rol` VALUES (1,0,'DUENIO'),(2,0,'ADMIN'),(3,0,'COCINA'),(4,0,'MOZO');
/*!40000 ALTER TABLE `rol` ENABLE KEYS */;
UNLOCK TABLES;

--
-- Table structure for table `rubro`
--

DROP TABLE IF EXISTS `rubro`;
/*!40101 SET @saved_cs_client     = @@character_set_client */;
/*!40101 SET character_set_client = utf8 */;
CREATE TABLE `rubro` (
  `id` bigint(20) NOT NULL AUTO_INCREMENT,
  `version` bigint(20) NOT NULL,
  `a_cocina` bit(1) NOT NULL,
  `nombre` varchar(100) NOT NULL,
  `orden` int(11) NOT NULL,
  PRIMARY KEY (`id`)
) ENGINE=InnoDB AUTO_INCREMENT=5 DEFAULT CHARSET=latin1;
/*!40101 SET character_set_client = @saved_cs_client */;

--
-- Dumping data for table `rubro`
--

LOCK TABLES `rubro` WRITE;
/*!40000 ALTER TABLE `rubro` DISABLE KEYS */;
INSERT INTO `rubro` VALUES (1,0,'\0','Entradas',1),(2,0,'\0','Principal',2),(3,0,'\0','Bebidas',3),(4,0,'\0','Postres',4);
/*!40000 ALTER TABLE `rubro` ENABLE KEYS */;
UNLOCK TABLES;

--
-- Table structure for table `state_timer`
--

DROP TABLE IF EXISTS `state_timer`;
/*!40101 SET @saved_cs_client     = @@character_set_client */;
/*!40101 SET character_set_client = utf8 */;
CREATE TABLE `state_timer` (
  `id` bigint(20) NOT NULL AUTO_INCREMENT,
  `version` bigint(20) NOT NULL,
  `actual_state` varchar(255) NOT NULL,
  `acum_time` datetime NOT NULL,
  `created` datetime NOT NULL,
  PRIMARY KEY (`id`)
) ENGINE=InnoDB AUTO_INCREMENT=733 DEFAULT CHARSET=latin1;
/*!40101 SET character_set_client = @saved_cs_client */;

--
-- Dumping data for table `state_timer`
--

LOCK TABLES `state_timer` WRITE;
/*!40000 ALTER TABLE `state_timer` DISABLE KEYS */;
INSERT INTO `state_timer` VALUES (1,2,'Cerrado','2014-06-09 21:45:19','2014-06-09 21:45:15'),(2,3,'Terminado','2014-06-09 21:45:16','2014-06-09 21:45:15'),(3,3,'Terminado','2014-06-09 21:45:17','2014-06-09 21:45:17'),(4,3,'Terminado','2014-06-09 21:45:18','2014-06-09 21:45:17'),(5,3,'Terminado','2014-06-09 21:45:19','2014-06-09 21:45:18'),(6,2,'Cerrado','2014-06-09 21:45:23','2014-06-09 21:45:19'),(7,3,'Terminado','2014-06-09 21:45:20','2014-06-09 21:45:20'),(8,3,'Terminado','2014-06-09 21:45:21','2014-06-09 21:45:20'),(9,3,'Terminado','2014-06-09 21:45:22','2014-06-09 21:45:21'),(10,3,'Terminado','2014-06-09 21:45:23','2014-06-09 21:45:22'),(11,2,'Cerrado','2014-06-09 21:45:24','2014-06-09 21:45:23'),(12,3,'Terminado','2014-06-09 21:45:24','2014-06-09 21:45:24'),(13,2,'Cerrado','2014-06-09 21:45:27','2014-06-09 21:45:25'),(14,3,'Terminado','2014-06-09 21:45:26','2014-06-09 21:45:25'),(15,3,'Terminado','2014-06-09 21:45:26','2014-06-09 21:45:26'),(16,3,'Terminado','2014-06-09 21:45:27','2014-06-09 21:45:27'),(17,2,'Cerrado','2014-06-09 21:45:30','2014-06-09 21:45:28'),(18,3,'Terminado','2014-06-09 21:45:28','2014-06-09 21:45:28'),(19,3,'Terminado','2014-06-09 21:45:29','2014-06-09 21:45:28'),(20,3,'Terminado','2014-06-09 21:45:29','2014-06-09 21:45:29'),(21,2,'Cerrado','2014-06-09 21:45:33','2014-06-09 21:45:30'),(22,3,'Terminado','2014-06-09 21:45:31','2014-06-09 21:45:30'),(23,3,'Terminado','2014-06-09 21:45:31','2014-06-09 21:45:31'),(24,3,'Terminado','2014-06-09 21:45:32','2014-06-09 21:45:32'),(25,3,'Terminado','2014-06-09 21:45:33','2014-06-09 21:45:32'),(26,2,'Cerrado','2014-06-09 21:45:37','2014-06-09 21:45:33'),(27,3,'Terminado','2014-06-09 21:45:34','2014-06-09 21:45:34'),(28,3,'Terminado','2014-06-09 21:45:35','2014-06-09 21:45:34'),(29,3,'Terminado','2014-06-09 21:45:35','2014-06-09 21:45:35'),(30,3,'Terminado','2014-06-09 21:45:37','2014-06-09 21:45:36'),(31,2,'Cerrado','2014-06-09 21:45:38','2014-06-09 21:45:37'),(32,3,'Terminado','2014-06-09 21:45:38','2014-06-09 21:45:37'),(33,2,'Cerrado','2014-06-09 21:45:41','2014-06-09 21:45:38'),(34,3,'Terminado','2014-06-09 21:45:39','2014-06-09 21:45:39'),(35,3,'Terminado','2014-06-09 21:45:40','2014-06-09 21:45:39'),(36,3,'Terminado','2014-06-09 21:45:40','2014-06-09 21:45:40'),(37,3,'Terminado','2014-06-09 21:45:41','2014-06-09 21:45:41'),(38,2,'Cerrado','2014-06-09 21:45:43','2014-06-09 21:45:42'),(39,3,'Terminado','2014-06-09 21:45:42','2014-06-09 21:45:42'),(40,2,'Cerrado','2014-06-09 21:45:46','2014-06-09 21:45:43'),(41,3,'Terminado','2014-06-09 21:45:43','2014-06-09 21:45:43'),(42,3,'Terminado','2014-06-09 21:45:44','2014-06-09 21:45:44'),(43,3,'Terminado','2014-06-09 21:45:45','2014-06-09 21:45:44'),(44,3,'Terminado','2014-06-09 21:45:45','2014-06-09 21:45:45'),(45,2,'Cerrado','2014-06-09 21:45:47','2014-06-09 21:45:46'),(46,3,'Terminado','2014-06-09 21:45:47','2014-06-09 21:45:46'),(47,2,'Cerrado','2014-06-09 21:45:49','2014-06-09 21:45:48'),(48,3,'Terminado','2014-06-09 21:45:48','2014-06-09 21:45:48'),(49,2,'Cerrado','2014-06-09 21:45:50','2014-06-09 21:45:49'),(50,3,'Terminado','2014-06-09 21:45:49','2014-06-09 21:45:49'),(51,2,'Cerrado','2014-06-09 21:45:51','2014-06-09 21:45:50'),(52,3,'Terminado','2014-06-09 21:45:50','2014-06-09 21:45:50'),(53,2,'Cerrado','2014-06-09 21:45:52','2014-06-09 21:45:51'),(54,3,'Terminado','2014-06-09 21:45:52','2014-06-09 21:45:51'),(55,2,'Cerrado','2014-06-09 21:45:54','2014-06-09 21:45:52'),(56,3,'Terminado','2014-06-09 21:45:53','2014-06-09 21:45:52'),(57,3,'Terminado','2014-06-09 21:45:53','2014-06-09 21:45:53'),(58,2,'Cerrado','2014-06-09 21:45:56','2014-06-09 21:45:54'),(59,3,'Terminado','2014-06-09 21:45:54','2014-06-09 21:45:54'),(60,3,'Terminado','2014-06-09 21:45:55','2014-06-09 21:45:55'),(61,3,'Terminado','2014-06-09 21:45:56','2014-06-09 21:45:55'),(62,2,'Cerrado','2014-06-09 21:45:59','2014-06-09 21:45:56'),(63,3,'Terminado','2014-06-09 21:45:57','2014-06-09 21:45:57'),(64,3,'Terminado','2014-06-09 21:45:58','2014-06-09 21:45:57'),(65,3,'Terminado','2014-06-09 21:45:59','2014-06-09 21:45:58'),(66,2,'Cerrado','2014-06-09 21:46:02','2014-06-09 21:45:59'),(67,3,'Terminado','2014-06-09 21:46:00','2014-06-09 21:46:00'),(68,3,'Terminado','2014-06-09 21:46:01','2014-06-09 21:46:00'),(69,3,'Terminado','2014-06-09 21:46:01','2014-06-09 21:46:01'),(70,3,'Terminado','2014-06-09 21:46:02','2014-06-09 21:46:02'),(71,2,'Cerrado','2014-06-09 21:46:04','2014-06-09 21:46:03'),(72,3,'Terminado','2014-06-09 21:46:03','2014-06-09 21:46:03'),(73,3,'Terminado','2014-06-09 21:46:04','2014-06-09 21:46:03'),(74,2,'Cerrado','2014-06-09 21:46:07','2014-06-09 21:46:04'),(75,3,'Terminado','2014-06-09 21:46:05','2014-06-09 21:46:05'),(76,3,'Terminado','2014-06-09 21:46:06','2014-06-09 21:46:05'),(77,3,'Terminado','2014-06-09 21:46:06','2014-06-09 21:46:06'),(78,2,'Cerrado','2014-06-09 21:46:08','2014-06-09 21:46:07'),(79,3,'Terminado','2014-06-09 21:46:07','2014-06-09 21:46:07'),(80,2,'Cerrado','2014-06-09 21:46:11','2014-06-09 21:46:08'),(81,3,'Terminado','2014-06-09 21:46:09','2014-06-09 21:46:08'),(82,3,'Terminado','2014-06-09 21:46:10','2014-06-09 21:46:09'),(83,3,'Terminado','2014-06-09 21:46:10','2014-06-09 21:46:10'),(84,3,'Terminado','2014-06-09 21:46:11','2014-06-09 21:46:11'),(85,2,'Cerrado','2014-06-09 21:46:13','2014-06-09 21:46:12'),(86,3,'Terminado','2014-06-09 21:46:12','2014-06-09 21:46:12'),(87,3,'Terminado','2014-06-09 21:46:13','2014-06-09 21:46:13'),(88,2,'Cerrado','2014-06-09 21:46:15','2014-06-09 21:46:13'),(89,3,'Terminado','2014-06-09 21:46:14','2014-06-09 21:46:14'),(90,3,'Terminado','2014-06-09 21:46:14','2014-06-09 21:46:14'),(91,2,'Cerrado','2014-06-09 21:46:17','2014-06-09 21:46:15'),(92,3,'Terminado','2014-06-09 21:46:16','2014-06-09 21:46:15'),(93,3,'Terminado','2014-06-09 21:46:16','2014-06-09 21:46:16'),(94,2,'Cerrado','2014-06-09 21:46:18','2014-06-09 21:46:17'),(95,3,'Terminado','2014-06-09 21:46:17','2014-06-09 21:46:17'),(96,3,'Terminado','2014-06-09 21:46:18','2014-06-09 21:46:18'),(97,2,'Cerrado','2014-06-09 21:46:21','2014-06-09 21:46:19'),(98,3,'Terminado','2014-06-09 21:46:20','2014-06-09 21:46:19'),(99,3,'Terminado','2014-06-09 21:46:20','2014-06-09 21:46:20'),(100,2,'Cerrado','2014-06-09 21:46:24','2014-06-09 21:46:21'),(101,3,'Terminado','2014-06-09 21:46:21','2014-06-09 21:46:21'),(102,3,'Terminado','2014-06-09 21:46:22','2014-06-09 21:46:22'),(103,3,'Terminado','2014-06-09 21:46:23','2014-06-09 21:46:22'),(104,3,'Terminado','2014-06-09 21:46:24','2014-06-09 21:46:23'),(105,2,'Cerrado','2014-06-09 21:46:25','2014-06-09 21:46:24'),(106,3,'Terminado','2014-06-09 21:46:25','2014-06-09 21:46:25'),(107,2,'Cerrado','2014-06-09 21:46:27','2014-06-09 21:46:25'),(108,3,'Terminado','2014-06-09 21:46:26','2014-06-09 21:46:26'),(109,3,'Terminado','2014-06-09 21:46:27','2014-06-09 21:46:26'),(110,2,'Cerrado','2014-06-09 21:46:29','2014-06-09 21:46:27'),(111,3,'Terminado','2014-06-09 21:46:28','2014-06-09 21:46:27'),(112,3,'Terminado','2014-06-09 21:46:28','2014-06-09 21:46:28'),(113,2,'Cerrado','2014-06-09 21:46:32','2014-06-09 21:46:29'),(114,3,'Terminado','2014-06-09 21:46:29','2014-06-09 21:46:29'),(115,3,'Terminado','2014-06-09 21:46:31','2014-06-09 21:46:30'),(116,3,'Terminado','2014-06-09 21:46:31','2014-06-09 21:46:31'),(117,3,'Terminado','2014-06-09 21:46:32','2014-06-09 21:46:32'),(118,2,'Cerrado','2014-06-09 21:46:34','2014-06-09 21:46:33'),(119,3,'Terminado','2014-06-09 21:46:33','2014-06-09 21:46:33'),(120,3,'Terminado','2014-06-09 21:46:34','2014-06-09 21:46:33'),(121,2,'Cerrado','2014-06-09 21:46:36','2014-06-09 21:46:34'),(122,3,'Terminado','2014-06-09 21:46:35','2014-06-09 21:46:35'),(123,3,'Terminado','2014-06-09 21:46:36','2014-06-09 21:46:35'),(124,3,'Terminado','2014-06-09 21:46:36','2014-06-09 21:46:36'),(125,2,'Cerrado','2014-06-09 21:46:39','2014-06-09 21:46:37'),(126,3,'Terminado','2014-06-09 21:46:37','2014-06-09 21:46:37'),(127,3,'Terminado','2014-06-09 21:46:38','2014-06-09 21:46:38'),(128,3,'Terminado','2014-06-09 21:46:39','2014-06-09 21:46:38'),(129,2,'Cerrado','2014-06-09 21:46:43','2014-06-09 21:46:40'),(130,3,'Terminado','2014-06-09 21:46:40','2014-06-09 21:46:40'),(131,3,'Terminado','2014-06-09 21:46:41','2014-06-09 21:46:40'),(132,3,'Terminado','2014-06-09 21:46:42','2014-06-09 21:46:41'),(133,2,'Cerrado','2014-06-09 21:46:44','2014-06-09 21:46:43'),(134,3,'Terminado','2014-06-09 21:46:44','2014-06-09 21:46:44'),(135,2,'Cerrado','2014-06-09 21:46:46','2014-06-09 21:46:45'),(136,3,'Terminado','2014-06-09 21:46:46','2014-06-09 21:46:45'),(137,2,'Cerrado','2014-06-09 21:46:53','2014-06-09 21:46:47'),(138,3,'Terminado','2014-06-09 21:46:47','2014-06-09 21:46:47'),(139,3,'Terminado','2014-06-09 21:46:48','2014-06-09 21:46:48'),(140,3,'Terminado','2014-06-09 21:46:49','2014-06-09 21:46:49'),(141,3,'Terminado','2014-06-09 21:46:53','2014-06-09 21:46:51'),(142,2,'Cerrado','2014-06-09 21:46:55','2014-06-09 21:46:54'),(143,3,'Terminado','2014-06-09 21:46:54','2014-06-09 21:46:54'),(144,3,'Terminado','2014-06-09 21:46:55','2014-06-09 21:46:55'),(145,2,'Cerrado','2014-06-09 21:46:58','2014-06-09 21:46:56'),(146,3,'Terminado','2014-06-09 21:46:56','2014-06-09 21:46:56'),(147,3,'Terminado','2014-06-09 21:46:57','2014-06-09 21:46:56'),(148,3,'Terminado','2014-06-09 21:46:57','2014-06-09 21:46:57'),(149,3,'Terminado','2014-06-09 21:46:58','2014-06-09 21:46:58'),(150,2,'Cerrado','2014-06-09 21:47:02','2014-06-09 21:46:59'),(151,3,'Terminado','2014-06-09 21:46:59','2014-06-09 21:46:59'),(152,3,'Terminado','2014-06-09 21:47:00','2014-06-09 21:47:00'),(153,3,'Terminado','2014-06-09 21:47:01','2014-06-09 21:47:00'),(154,3,'Terminado','2014-06-09 21:47:02','2014-06-09 21:47:01'),(155,2,'Cerrado','2014-06-09 21:47:04','2014-06-09 21:47:02'),(156,3,'Terminado','2014-06-09 21:47:03','2014-06-09 21:47:02'),(157,3,'Terminado','2014-06-09 21:47:04','2014-06-09 21:47:03'),(158,2,'Cerrado','2014-06-09 21:47:07','2014-06-09 21:47:05'),(159,3,'Terminado','2014-06-09 21:47:05','2014-06-09 21:47:05'),(160,3,'Terminado','2014-06-09 21:47:06','2014-06-09 21:47:05'),(161,3,'Terminado','2014-06-09 21:47:06','2014-06-09 21:47:06'),(162,2,'Cerrado','2014-06-09 21:47:09','2014-06-09 21:47:07'),(163,3,'Terminado','2014-06-09 21:47:08','2014-06-09 21:47:07'),(164,3,'Terminado','2014-06-09 21:47:08','2014-06-09 21:47:08'),(165,3,'Terminado','2014-06-09 21:47:09','2014-06-09 21:47:09'),(166,2,'Cerrado','2014-06-09 21:47:10','2014-06-09 21:47:10'),(167,3,'Terminado','2014-06-09 21:47:10','2014-06-09 21:47:10'),(168,2,'Cerrado','2014-06-09 21:47:13','2014-06-09 21:47:11'),(169,3,'Terminado','2014-06-09 21:47:11','2014-06-09 21:47:11'),(170,3,'Terminado','2014-06-09 21:47:12','2014-06-09 21:47:12'),(171,3,'Terminado','2014-06-09 21:47:13','2014-06-09 21:47:12'),(172,2,'Cerrado','2014-06-09 21:47:15','2014-06-09 21:47:13'),(173,3,'Terminado','2014-06-09 21:47:14','2014-06-09 21:47:14'),(174,3,'Terminado','2014-06-09 21:47:15','2014-06-09 21:47:15'),(175,2,'Cerrado','2014-06-09 21:47:17','2014-06-09 21:47:16'),(176,3,'Terminado','2014-06-09 21:47:16','2014-06-09 21:47:16'),(177,3,'Terminado','2014-06-09 21:47:17','2014-06-09 21:47:17'),(178,2,'Cerrado','2014-06-09 21:47:20','2014-06-09 21:47:18'),(179,3,'Terminado','2014-06-09 21:47:18','2014-06-09 21:47:18'),(180,3,'Terminado','2014-06-09 21:47:19','2014-06-09 21:47:19'),(181,3,'Terminado','2014-06-09 21:47:20','2014-06-09 21:47:19'),(182,3,'Terminado','2014-06-09 21:47:20','2014-06-09 21:47:20'),(183,2,'Cerrado','2014-06-09 21:47:22','2014-06-09 21:47:21'),(184,3,'Terminado','2014-06-09 21:47:21','2014-06-09 21:47:21'),(185,2,'Cerrado','2014-06-09 21:47:23','2014-06-09 21:47:22'),(186,3,'Terminado','2014-06-09 21:47:23','2014-06-09 21:47:22'),(187,2,'Cerrado','2014-06-09 21:47:27','2014-06-09 21:47:23'),(188,3,'Terminado','2014-06-09 21:47:24','2014-06-09 21:47:23'),(189,3,'Terminado','2014-06-09 21:47:24','2014-06-09 21:47:24'),(190,3,'Terminado','2014-06-09 21:47:25','2014-06-09 21:47:25'),(191,3,'Terminado','2014-06-09 21:47:26','2014-06-09 21:47:26'),(192,2,'Cerrado','2014-06-09 21:47:29','2014-06-09 21:47:27'),(193,3,'Terminado','2014-06-09 21:47:28','2014-06-09 21:47:27'),(194,3,'Terminado','2014-06-09 21:47:28','2014-06-09 21:47:28'),(195,3,'Terminado','2014-06-09 21:47:29','2014-06-09 21:47:28'),(196,2,'Cerrado','2014-06-09 21:47:30','2014-06-09 21:47:29'),(197,3,'Terminado','2014-06-09 21:47:30','2014-06-09 21:47:30'),(198,2,'Cerrado','2014-06-09 21:47:33','2014-06-09 21:47:30'),(199,3,'Terminado','2014-06-09 21:47:31','2014-06-09 21:47:31'),(200,3,'Terminado','2014-06-09 21:47:32','2014-06-09 21:47:31'),(201,3,'Terminado','2014-06-09 21:47:32','2014-06-09 21:47:32'),(202,2,'Cerrado','2014-06-09 21:47:35','2014-06-09 21:47:33'),(203,3,'Terminado','2014-06-09 21:47:33','2014-06-09 21:47:33'),(204,3,'Terminado','2014-06-09 21:47:34','2014-06-09 21:47:34'),(205,3,'Terminado','2014-06-09 21:47:35','2014-06-09 21:47:34'),(206,2,'Cerrado','2014-06-09 21:47:38','2014-06-09 21:47:36'),(207,3,'Terminado','2014-06-09 21:47:36','2014-06-09 21:47:36'),(208,3,'Terminado','2014-06-09 21:47:37','2014-06-09 21:47:37'),(209,3,'Terminado','2014-06-09 21:47:38','2014-06-09 21:47:37'),(210,2,'Cerrado','2014-06-09 21:47:41','2014-06-09 21:47:38'),(211,3,'Terminado','2014-06-09 21:47:39','2014-06-09 21:47:39'),(212,3,'Terminado','2014-06-09 21:47:40','2014-06-09 21:47:39'),(213,3,'Terminado','2014-06-09 21:47:40','2014-06-09 21:47:40'),(214,3,'Terminado','2014-06-09 21:47:41','2014-06-09 21:47:41'),(215,2,'Cerrado','2014-06-09 21:47:45','2014-06-09 21:47:42'),(216,3,'Terminado','2014-06-09 21:47:42','2014-06-09 21:47:42'),(217,3,'Terminado','2014-06-09 21:47:43','2014-06-09 21:47:43'),(218,3,'Terminado','2014-06-09 21:47:44','2014-06-09 21:47:43'),(219,3,'Terminado','2014-06-09 21:47:44','2014-06-09 21:47:44'),(220,2,'Cerrado','2014-06-09 21:47:47','2014-06-09 21:47:45'),(221,3,'Terminado','2014-06-09 21:47:45','2014-06-09 21:47:45'),(222,3,'Terminado','2014-06-09 21:47:46','2014-06-09 21:47:46'),(223,3,'Terminado','2014-06-09 21:47:47','2014-06-09 21:47:46'),(224,2,'Cerrado','2014-06-09 21:47:49','2014-06-09 21:47:48'),(225,3,'Terminado','2014-06-09 21:47:48','2014-06-09 21:47:48'),(226,3,'Terminado','2014-06-09 21:47:49','2014-06-09 21:47:49'),(227,2,'Cerrado','2014-06-09 21:47:51','2014-06-09 21:47:50'),(228,3,'Terminado','2014-06-09 21:47:50','2014-06-09 21:47:50'),(229,3,'Terminado','2014-06-09 21:47:51','2014-06-09 21:47:50'),(230,2,'Cerrado','2014-06-09 21:47:53','2014-06-09 21:47:51'),(231,3,'Terminado','2014-06-09 21:47:52','2014-06-09 21:47:52'),(232,3,'Terminado','2014-06-09 21:47:52','2014-06-09 21:47:52'),(233,2,'Cerrado','2014-06-09 21:47:54','2014-06-09 21:47:53'),(234,3,'Terminado','2014-06-09 21:47:54','2014-06-09 21:47:53'),(235,2,'Cerrado','2014-06-09 21:47:56','2014-06-09 21:47:54'),(236,3,'Terminado','2014-06-09 21:47:55','2014-06-09 21:47:54'),(237,3,'Terminado','2014-06-09 21:47:55','2014-06-09 21:47:55'),(238,3,'Terminado','2014-06-09 21:47:56','2014-06-09 21:47:56'),(239,2,'Cerrado','2014-06-09 21:47:59','2014-06-09 21:47:57'),(240,3,'Terminado','2014-06-09 21:47:57','2014-06-09 21:47:57'),(241,3,'Terminado','2014-06-09 21:47:58','2014-06-09 21:47:57'),(242,3,'Terminado','2014-06-09 21:47:59','2014-06-09 21:47:59'),(243,2,'Cerrado','2014-06-09 21:48:01','2014-06-09 21:48:00'),(244,3,'Terminado','2014-06-09 21:48:00','2014-06-09 21:48:00'),(245,3,'Terminado','2014-06-09 21:48:01','2014-06-09 21:48:00'),(246,2,'Cerrado','2014-06-09 21:48:03','2014-06-09 21:48:01'),(247,3,'Terminado','2014-06-09 21:48:02','2014-06-09 21:48:02'),(248,3,'Terminado','2014-06-09 21:48:02','2014-06-09 21:48:02'),(249,2,'Cerrado','2014-06-09 21:48:04','2014-06-09 21:48:03'),(250,3,'Terminado','2014-06-09 21:48:04','2014-06-09 21:48:03'),(251,2,'Cerrado','2014-06-09 21:48:06','2014-06-09 21:48:04'),(252,3,'Terminado','2014-06-09 21:48:05','2014-06-09 21:48:04'),(253,3,'Terminado','2014-06-09 21:48:05','2014-06-09 21:48:05'),(254,3,'Terminado','2014-06-09 21:48:06','2014-06-09 21:48:06'),(255,2,'Cerrado','2014-06-09 21:48:08','2014-06-09 21:48:07'),(256,3,'Terminado','2014-06-09 21:48:07','2014-06-09 21:48:07'),(257,3,'Terminado','2014-06-09 21:48:08','2014-06-09 21:48:07'),(258,2,'Cerrado','2014-06-09 21:48:10','2014-06-09 21:48:08'),(259,3,'Terminado','2014-06-09 21:48:09','2014-06-09 21:48:09'),(260,2,'Cerrado','2014-06-09 21:48:11','2014-06-09 21:48:10'),(261,3,'Terminado','2014-06-09 21:48:11','2014-06-09 21:48:10'),(262,2,'Cerrado','2014-06-09 21:48:13','2014-06-09 21:48:11'),(263,3,'Terminado','2014-06-09 21:48:12','2014-06-09 21:48:11'),(264,3,'Terminado','2014-06-09 21:48:12','2014-06-09 21:48:12'),(265,3,'Terminado','2014-06-09 21:48:13','2014-06-09 21:48:13'),(266,2,'Cerrado','2014-06-09 21:48:16','2014-06-09 21:48:14'),(267,3,'Terminado','2014-06-09 21:48:14','2014-06-09 21:48:14'),(268,3,'Terminado','2014-06-09 21:48:15','2014-06-09 21:48:14'),(269,3,'Terminado','2014-06-09 21:48:15','2014-06-09 21:48:15'),(270,3,'Terminado','2014-06-09 21:48:16','2014-06-09 21:48:16'),(271,2,'Cerrado','2014-06-09 21:48:18','2014-06-09 21:48:17'),(272,3,'Terminado','2014-06-09 21:48:17','2014-06-09 21:48:17'),(273,2,'Cerrado','2014-06-09 21:48:19','2014-06-09 21:48:18'),(274,3,'Terminado','2014-06-09 21:48:19','2014-06-09 21:48:18'),(275,2,'Cerrado','2014-06-09 21:48:22','2014-06-09 21:48:19'),(276,3,'Terminado','2014-06-09 21:48:20','2014-06-09 21:48:19'),(277,3,'Terminado','2014-06-09 21:48:21','2014-06-09 21:48:21'),(278,3,'Terminado','2014-06-09 21:48:21','2014-06-09 21:48:21'),(279,3,'Terminado','2014-06-09 21:48:22','2014-06-09 21:48:22'),(280,2,'Cerrado','2014-06-09 21:48:24','2014-06-09 21:48:23'),(281,3,'Terminado','2014-06-09 21:48:23','2014-06-09 21:48:23'),(282,2,'Cerrado','2014-06-09 21:48:25','2014-06-09 21:48:24'),(283,3,'Terminado','2014-06-09 21:48:24','2014-06-09 21:48:24'),(284,2,'Cerrado','2014-06-09 21:48:27','2014-06-09 21:48:25'),(285,3,'Terminado','2014-06-09 21:48:26','2014-06-09 21:48:25'),(286,3,'Terminado','2014-06-09 21:48:26','2014-06-09 21:48:26'),(287,2,'Cerrado','2014-06-09 21:48:28','2014-06-09 21:48:27'),(288,3,'Terminado','2014-06-09 21:48:27','2014-06-09 21:48:27'),(289,3,'Terminado','2014-06-09 21:48:28','2014-06-09 21:48:28'),(290,2,'Cerrado','2014-06-09 21:48:32','2014-06-09 21:48:29'),(291,3,'Terminado','2014-06-09 21:48:29','2014-06-09 21:48:29'),(292,3,'Terminado','2014-06-09 21:48:30','2014-06-09 21:48:29'),(293,3,'Terminado','2014-06-09 21:48:31','2014-06-09 21:48:30'),(294,3,'Terminado','2014-06-09 21:48:32','2014-06-09 21:48:31'),(295,2,'Cerrado','2014-06-09 21:48:34','2014-06-09 21:48:32'),(296,3,'Terminado','2014-06-09 21:48:33','2014-06-09 21:48:33'),(297,3,'Terminado','2014-06-09 21:48:34','2014-06-09 21:48:33'),(298,2,'Cerrado','2014-06-09 21:48:36','2014-06-09 21:48:34'),(299,3,'Terminado','2014-06-09 21:48:35','2014-06-09 21:48:34'),(300,3,'Terminado','2014-06-09 21:48:35','2014-06-09 21:48:35'),(301,3,'Terminado','2014-06-09 21:48:36','2014-06-09 21:48:36'),(302,2,'Cerrado','2014-06-09 21:48:39','2014-06-09 21:48:37'),(303,3,'Terminado','2014-06-09 21:48:37','2014-06-09 21:48:37'),(304,3,'Terminado','2014-06-09 21:48:38','2014-06-09 21:48:37'),(305,3,'Terminado','2014-06-09 21:48:38','2014-06-09 21:48:38'),(306,2,'Cerrado','2014-06-09 21:48:42','2014-06-09 21:48:39'),(307,3,'Terminado','2014-06-09 21:48:40','2014-06-09 21:48:39'),(308,3,'Terminado','2014-06-09 21:48:40','2014-06-09 21:48:40'),(309,3,'Terminado','2014-06-09 21:48:41','2014-06-09 21:48:41'),(310,3,'Terminado','2014-06-09 21:48:42','2014-06-09 21:48:41'),(311,2,'Cerrado','2014-06-09 21:48:46','2014-06-09 21:48:43'),(312,3,'Terminado','2014-06-09 21:48:43','2014-06-09 21:48:43'),(313,3,'Terminado','2014-06-09 21:48:44','2014-06-09 21:48:44'),(314,3,'Terminado','2014-06-09 21:48:45','2014-06-09 21:48:44'),(315,3,'Terminado','2014-06-09 21:48:45','2014-06-09 21:48:45'),(316,2,'Cerrado','2014-06-09 21:48:48','2014-06-09 21:48:46'),(317,3,'Terminado','2014-06-09 21:48:47','2014-06-09 21:48:46'),(318,3,'Terminado','2014-06-09 21:48:47','2014-06-09 21:48:47'),(319,3,'Terminado','2014-06-09 21:48:48','2014-06-09 21:48:48'),(320,2,'Cerrado','2014-06-09 21:48:51','2014-06-09 21:48:49'),(321,3,'Terminado','2014-06-09 21:48:49','2014-06-09 21:48:49'),(322,3,'Terminado','2014-06-09 21:48:50','2014-06-09 21:48:49'),(323,3,'Terminado','2014-06-09 21:48:50','2014-06-09 21:48:50'),(324,2,'Cerrado','2014-06-09 21:48:52','2014-06-09 21:48:51'),(325,3,'Terminado','2014-06-09 21:48:51','2014-06-09 21:48:51'),(326,3,'Terminado','2014-06-09 21:48:52','2014-06-09 21:48:52'),(327,2,'Cerrado','2014-06-09 21:48:56','2014-06-09 21:48:53'),(328,3,'Terminado','2014-06-09 21:48:54','2014-06-09 21:48:54'),(329,3,'Terminado','2014-06-09 21:48:54','2014-06-09 21:48:54'),(330,3,'Terminado','2014-06-09 21:48:55','2014-06-09 21:48:55'),(331,3,'Terminado','2014-06-09 21:48:56','2014-06-09 21:48:55'),(332,2,'Cerrado','2014-06-09 21:48:57','2014-06-09 21:48:57'),(333,3,'Terminado','2014-06-09 21:48:57','2014-06-09 21:48:57'),(334,2,'Cerrado','2014-06-09 21:48:58','2014-06-09 21:48:58'),(335,3,'Terminado','2014-06-09 21:48:58','2014-06-09 21:48:58'),(336,2,'Cerrado','2014-06-09 21:49:02','2014-06-09 21:48:59'),(337,3,'Terminado','2014-06-09 21:48:59','2014-06-09 21:48:59'),(338,3,'Terminado','2014-06-09 21:49:00','2014-06-09 21:49:00'),(339,3,'Terminado','2014-06-09 21:49:01','2014-06-09 21:49:00'),(340,3,'Terminado','2014-06-09 21:49:01','2014-06-09 21:49:01'),(341,2,'Cerrado','2014-06-09 21:49:05','2014-06-09 21:49:02'),(342,3,'Terminado','2014-06-09 21:49:02','2014-06-09 21:49:02'),(343,3,'Terminado','2014-06-09 21:49:03','2014-06-09 21:49:03'),(344,3,'Terminado','2014-06-09 21:49:04','2014-06-09 21:49:03'),(345,2,'Cerrado','2014-06-09 21:49:07','2014-06-09 21:49:05'),(346,3,'Terminado','2014-06-09 21:49:06','2014-06-09 21:49:05'),(347,3,'Terminado','2014-06-09 21:49:06','2014-06-09 21:49:06'),(348,3,'Terminado','2014-06-09 21:49:07','2014-06-09 21:49:07'),(349,2,'Cerrado','2014-06-09 21:49:08','2014-06-09 21:49:08'),(350,3,'Terminado','2014-06-09 21:49:08','2014-06-09 21:49:08'),(351,2,'Cerrado','2014-06-09 21:49:10','2014-06-09 21:49:09'),(352,3,'Terminado','2014-06-09 21:49:09','2014-06-09 21:49:09'),(353,3,'Terminado','2014-06-09 21:49:10','2014-06-09 21:49:10'),(354,2,'Cerrado','2014-06-09 21:49:12','2014-06-09 21:49:10'),(355,3,'Terminado','2014-06-09 21:49:11','2014-06-09 21:49:11'),(356,3,'Terminado','2014-06-09 21:49:12','2014-06-09 21:49:11'),(357,2,'Cerrado','2014-06-09 21:49:16','2014-06-09 21:49:12'),(358,3,'Terminado','2014-06-09 21:49:13','2014-06-09 21:49:12'),(359,3,'Terminado','2014-06-09 21:49:13','2014-06-09 21:49:13'),(360,3,'Terminado','2014-06-09 21:49:14','2014-06-09 21:49:14'),(361,3,'Terminado','2014-06-09 21:49:15','2014-06-09 21:49:14'),(362,2,'Cerrado','2014-06-09 21:49:18','2014-06-09 21:49:16'),(363,3,'Terminado','2014-06-09 21:49:17','2014-06-09 21:49:16'),(364,3,'Terminado','2014-06-09 21:49:17','2014-06-09 21:49:17'),(365,2,'Cerrado','2014-06-09 21:49:19','2014-06-09 21:49:18'),(366,3,'Terminado','2014-06-09 21:49:18','2014-06-09 21:49:18'),(367,3,'Terminado','2014-06-09 21:49:19','2014-06-09 21:49:19'),(368,2,'Cerrado','2014-06-09 21:49:22','2014-06-09 21:49:20'),(369,3,'Terminado','2014-06-09 21:49:20','2014-06-09 21:49:20'),(370,3,'Terminado','2014-06-09 21:49:21','2014-06-09 21:49:20'),(371,3,'Terminado','2014-06-09 21:49:21','2014-06-09 21:49:21'),(372,3,'Terminado','2014-06-09 21:49:22','2014-06-09 21:49:21'),(373,2,'Cerrado','2014-06-09 21:49:25','2014-06-09 21:49:23'),(374,3,'Terminado','2014-06-09 21:49:23','2014-06-09 21:49:23'),(375,3,'Terminado','2014-06-09 21:49:24','2014-06-09 21:49:23'),(376,3,'Terminado','2014-06-09 21:49:24','2014-06-09 21:49:24'),(377,3,'Terminado','2014-06-09 21:49:25','2014-06-09 21:49:25'),(378,2,'Cerrado','2014-06-09 21:49:28','2014-06-09 21:49:26'),(379,3,'Terminado','2014-06-09 21:49:27','2014-06-09 21:49:26'),(380,3,'Terminado','2014-06-09 21:49:27','2014-06-09 21:49:27'),(381,2,'Cerrado','2014-06-09 21:49:29','2014-06-09 21:49:28'),(382,3,'Terminado','2014-06-09 21:49:28','2014-06-09 21:49:28'),(383,3,'Terminado','2014-06-09 21:49:29','2014-06-09 21:49:29'),(384,2,'Cerrado','2014-06-09 21:49:32','2014-06-09 21:49:30'),(385,3,'Terminado','2014-06-09 21:49:30','2014-06-09 21:49:30'),(386,3,'Terminado','2014-06-09 21:49:31','2014-06-09 21:49:30'),(387,3,'Terminado','2014-06-09 21:49:31','2014-06-09 21:49:31'),(388,3,'Terminado','2014-06-09 21:49:32','2014-06-09 21:49:32'),(389,2,'Cerrado','2014-06-09 21:49:34','2014-06-09 21:49:33'),(390,3,'Terminado','2014-06-09 21:49:33','2014-06-09 21:49:33'),(391,3,'Terminado','2014-06-09 21:49:34','2014-06-09 21:49:34'),(392,2,'Cerrado','2014-06-09 21:49:35','2014-06-09 21:49:35'),(393,3,'Terminado','2014-06-09 21:49:35','2014-06-09 21:49:35'),(394,2,'Cerrado','2014-06-09 21:49:39','2014-06-09 21:49:36'),(395,3,'Terminado','2014-06-09 21:49:36','2014-06-09 21:49:36'),(396,3,'Terminado','2014-06-09 21:49:37','2014-06-09 21:49:37'),(397,3,'Terminado','2014-06-09 21:49:38','2014-06-09 21:49:38'),(398,3,'Terminado','2014-06-09 21:49:39','2014-06-09 21:49:38'),(399,2,'Cerrado','2014-06-09 21:49:41','2014-06-09 21:49:40'),(400,3,'Terminado','2014-06-09 21:49:40','2014-06-09 21:49:40'),(401,2,'Cerrado','2014-06-09 21:49:43','2014-06-09 21:49:41'),(402,3,'Terminado','2014-06-09 21:49:41','2014-06-09 21:49:41'),(403,3,'Terminado','2014-06-09 21:49:42','2014-06-09 21:49:42'),(404,3,'Terminado','2014-06-09 21:49:43','2014-06-09 21:49:42'),(405,2,'Cerrado','2014-06-09 21:49:46','2014-06-09 21:49:43'),(406,3,'Terminado','2014-06-09 21:49:44','2014-06-09 21:49:44'),(407,3,'Terminado','2014-06-09 21:49:44','2014-06-09 21:49:44'),(408,3,'Terminado','2014-06-09 21:49:45','2014-06-09 21:49:45'),(409,3,'Terminado','2014-06-09 21:49:46','2014-06-09 21:49:45'),(410,2,'Cerrado','2014-06-09 21:49:48','2014-06-09 21:49:47'),(411,3,'Terminado','2014-06-09 21:49:47','2014-06-09 21:49:47'),(412,3,'Terminado','2014-06-09 21:49:48','2014-06-09 21:49:47'),(413,2,'Cerrado','2014-06-09 21:49:50','2014-06-09 21:49:49'),(414,3,'Terminado','2014-06-09 21:49:49','2014-06-09 21:49:49'),(415,2,'Cerrado','2014-06-09 21:49:52','2014-06-09 21:49:50'),(416,3,'Terminado','2014-06-09 21:49:50','2014-06-09 21:49:50'),(417,3,'Terminado','2014-06-09 21:49:51','2014-06-09 21:49:51'),(418,3,'Terminado','2014-06-09 21:49:52','2014-06-09 21:49:51'),(419,2,'Cerrado','2014-06-09 21:49:55','2014-06-09 21:49:52'),(420,3,'Terminado','2014-06-09 21:49:53','2014-06-09 21:49:53'),(421,3,'Terminado','2014-06-09 21:49:53','2014-06-09 21:49:53'),(422,3,'Terminado','2014-06-09 21:49:54','2014-06-09 21:49:54'),(423,3,'Terminado','2014-06-09 21:49:55','2014-06-09 21:49:54'),(424,2,'Cerrado','2014-06-09 21:49:57','2014-06-09 21:49:55'),(425,3,'Terminado','2014-06-09 21:49:56','2014-06-09 21:49:56'),(426,3,'Terminado','2014-06-09 21:49:57','2014-06-09 21:49:56'),(427,2,'Cerrado','2014-06-09 21:50:00','2014-06-09 21:49:57'),(428,3,'Terminado','2014-06-09 21:49:58','2014-06-09 21:49:57'),(429,3,'Terminado','2014-06-09 21:49:59','2014-06-09 21:49:58'),(430,3,'Terminado','2014-06-09 21:49:59','2014-06-09 21:49:59'),(431,2,'Cerrado','2014-06-09 21:50:01','2014-06-09 21:50:00'),(432,3,'Terminado','2014-06-09 21:50:01','2014-06-09 21:50:00'),(433,2,'Cerrado','2014-06-09 21:50:04','2014-06-09 21:50:01'),(434,3,'Terminado','2014-06-09 21:50:02','2014-06-09 21:50:02'),(435,3,'Terminado','2014-06-09 21:50:02','2014-06-09 21:50:02'),(436,3,'Terminado','2014-06-09 21:50:03','2014-06-09 21:50:03'),(437,3,'Terminado','2014-06-09 21:50:04','2014-06-09 21:50:03'),(438,2,'Cerrado','2014-06-09 21:50:07','2014-06-09 21:50:05'),(439,3,'Terminado','2014-06-09 21:50:05','2014-06-09 21:50:05'),(440,3,'Terminado','2014-06-09 21:50:06','2014-06-09 21:50:05'),(441,3,'Terminado','2014-06-09 21:50:06','2014-06-09 21:50:06'),(442,2,'Cerrado','2014-06-09 21:50:10','2014-06-09 21:50:07'),(443,3,'Terminado','2014-06-09 21:50:07','2014-06-09 21:50:07'),(444,3,'Terminado','2014-06-09 21:50:08','2014-06-09 21:50:08'),(445,3,'Terminado','2014-06-09 21:50:09','2014-06-09 21:50:08'),(446,3,'Terminado','2014-06-09 21:50:10','2014-06-09 21:50:09'),(447,2,'Cerrado','2014-06-09 21:50:13','2014-06-09 21:50:11'),(448,3,'Terminado','2014-06-09 21:50:11','2014-06-09 21:50:11'),(449,3,'Terminado','2014-06-09 21:50:12','2014-06-09 21:50:12'),(450,3,'Terminado','2014-06-09 21:50:13','2014-06-09 21:50:12'),(451,2,'Cerrado','2014-06-09 21:50:15','2014-06-09 21:50:13'),(452,3,'Terminado','2014-06-09 21:50:14','2014-06-09 21:50:14'),(453,3,'Terminado','2014-06-09 21:50:14','2014-06-09 21:50:14'),(454,3,'Terminado','2014-06-09 21:50:15','2014-06-09 21:50:15'),(455,2,'Cerrado','2014-06-09 21:50:17','2014-06-09 21:50:16'),(456,3,'Terminado','2014-06-09 21:50:16','2014-06-09 21:50:16'),(457,3,'Terminado','2014-06-09 21:50:17','2014-06-09 21:50:17'),(458,2,'Cerrado','2014-06-09 21:50:20','2014-06-09 21:50:18'),(459,3,'Terminado','2014-06-09 21:50:18','2014-06-09 21:50:18'),(460,3,'Terminado','2014-06-09 21:50:19','2014-06-09 21:50:18'),(461,3,'Terminado','2014-06-09 21:50:19','2014-06-09 21:50:19'),(462,3,'Terminado','2014-06-09 21:50:20','2014-06-09 21:50:20'),(463,2,'Cerrado','2014-06-09 21:50:24','2014-06-09 21:50:21'),(464,3,'Terminado','2014-06-09 21:50:22','2014-06-09 21:50:21'),(465,3,'Terminado','2014-06-09 21:50:22','2014-06-09 21:50:22'),(466,3,'Terminado','2014-06-09 21:50:23','2014-06-09 21:50:23'),(467,3,'Terminado','2014-06-09 21:50:24','2014-06-09 21:50:23'),(468,2,'Cerrado','2014-06-09 21:50:26','2014-06-09 21:50:24'),(469,3,'Terminado','2014-06-09 21:50:25','2014-06-09 21:50:25'),(470,3,'Terminado','2014-06-09 21:50:25','2014-06-09 21:50:25'),(471,2,'Cerrado','2014-06-09 21:50:27','2014-06-09 21:50:26'),(472,3,'Terminado','2014-06-09 21:50:27','2014-06-09 21:50:26'),(473,3,'Terminado','2014-06-09 21:50:27','2014-06-09 21:50:27'),(474,2,'Cerrado','2014-06-09 21:50:29','2014-06-09 21:50:28'),(475,3,'Terminado','2014-06-09 21:50:28','2014-06-09 21:50:28'),(476,2,'Cerrado','2014-06-09 21:50:31','2014-06-09 21:50:29'),(477,3,'Terminado','2014-06-09 21:50:29','2014-06-09 21:50:29'),(478,3,'Terminado','2014-06-09 21:50:30','2014-06-09 21:50:30'),(479,3,'Terminado','2014-06-09 21:50:31','2014-06-09 21:50:30'),(480,2,'Cerrado','2014-06-09 21:50:33','2014-06-09 21:50:32'),(481,3,'Terminado','2014-06-09 21:50:32','2014-06-09 21:50:32'),(482,3,'Terminado','2014-06-09 21:50:33','2014-06-09 21:50:33'),(483,2,'Cerrado','2014-06-09 21:50:35','2014-06-09 21:50:34'),(484,3,'Terminado','2014-06-09 21:50:34','2014-06-09 21:50:34'),(485,3,'Terminado','2014-06-09 21:50:35','2014-06-09 21:50:34'),(486,2,'Cerrado','2014-06-09 21:50:37','2014-06-09 21:50:35'),(487,3,'Terminado','2014-06-09 21:50:36','2014-06-09 21:50:36'),(488,3,'Terminado','2014-06-09 21:50:36','2014-06-09 21:50:36'),(489,2,'Cerrado','2014-06-09 21:50:39','2014-06-09 21:50:37'),(490,3,'Terminado','2014-06-09 21:50:38','2014-06-09 21:50:37'),(491,3,'Terminado','2014-06-09 21:50:38','2014-06-09 21:50:38'),(492,3,'Terminado','2014-06-09 21:50:39','2014-06-09 21:50:39'),(493,2,'Cerrado','2014-06-09 21:50:43','2014-06-09 21:50:40'),(494,3,'Terminado','2014-06-09 21:50:40','2014-06-09 21:50:40'),(495,3,'Terminado','2014-06-09 21:50:41','2014-06-09 21:50:41'),(496,3,'Terminado','2014-06-09 21:50:42','2014-06-09 21:50:41'),(497,3,'Terminado','2014-06-09 21:50:43','2014-06-09 21:50:42'),(498,2,'Cerrado','2014-06-09 21:50:46','2014-06-09 21:50:43'),(499,3,'Terminado','2014-06-09 21:50:44','2014-06-09 21:50:44'),(500,3,'Terminado','2014-06-09 21:50:44','2014-06-09 21:50:44'),(501,3,'Terminado','2014-06-09 21:50:45','2014-06-09 21:50:45'),(502,2,'Cerrado','2014-06-09 21:50:47','2014-06-09 21:50:46'),(503,3,'Terminado','2014-06-09 21:50:46','2014-06-09 21:50:46'),(504,3,'Terminado','2014-06-09 21:50:47','2014-06-09 21:50:47'),(505,2,'Cerrado','2014-06-09 21:50:50','2014-06-09 21:50:48'),(506,3,'Terminado','2014-06-09 21:50:48','2014-06-09 21:50:48'),(507,3,'Terminado','2014-06-09 21:50:49','2014-06-09 21:50:48'),(508,3,'Terminado','2014-06-09 21:50:49','2014-06-09 21:50:49'),(509,3,'Terminado','2014-06-09 21:50:50','2014-06-09 21:50:50'),(510,2,'Cerrado','2014-06-09 21:50:52','2014-06-09 21:50:51'),(511,3,'Terminado','2014-06-09 21:50:51','2014-06-09 21:50:51'),(512,2,'Cerrado','2014-06-09 21:50:54','2014-06-09 21:50:52'),(513,3,'Terminado','2014-06-09 21:50:52','2014-06-09 21:50:52'),(514,3,'Terminado','2014-06-09 21:50:53','2014-06-09 21:50:53'),(515,3,'Terminado','2014-06-09 21:50:54','2014-06-09 21:50:54'),(516,2,'Cerrado','2014-06-09 21:50:57','2014-06-09 21:50:55'),(517,3,'Terminado','2014-06-09 21:50:55','2014-06-09 21:50:55'),(518,3,'Terminado','2014-06-09 21:50:56','2014-06-09 21:50:56'),(519,3,'Terminado','2014-06-09 21:50:57','2014-06-09 21:50:56'),(520,2,'Cerrado','2014-06-09 21:50:59','2014-06-09 21:50:57'),(521,3,'Terminado','2014-06-09 21:50:58','2014-06-09 21:50:58'),(522,3,'Terminado','2014-06-09 21:50:58','2014-06-09 21:50:58'),(523,3,'Terminado','2014-06-09 21:50:59','2014-06-09 21:50:59'),(524,2,'Cerrado','2014-06-09 21:51:00','2014-06-09 21:51:00'),(525,3,'Terminado','2014-06-09 21:51:00','2014-06-09 21:51:00'),(526,2,'Cerrado','2014-06-09 21:51:03','2014-06-09 21:51:01'),(527,3,'Terminado','2014-06-09 21:51:01','2014-06-09 21:51:01'),(528,3,'Terminado','2014-06-09 21:51:02','2014-06-09 21:51:02'),(529,3,'Terminado','2014-06-09 21:51:02','2014-06-09 21:51:02'),(530,3,'Terminado','2014-06-09 21:51:03','2014-06-09 21:51:03'),(531,2,'Cerrado','2014-06-09 21:51:07','2014-06-09 21:51:04'),(532,3,'Terminado','2014-06-09 21:51:05','2014-06-09 21:51:05'),(533,3,'Terminado','2014-06-09 21:51:05','2014-06-09 21:51:05'),(534,3,'Terminado','2014-06-09 21:51:06','2014-06-09 21:51:06'),(535,3,'Terminado','2014-06-09 21:51:07','2014-06-09 21:51:06'),(536,2,'Cerrado','2014-06-09 21:51:09','2014-06-09 21:51:08'),(537,3,'Terminado','2014-06-09 21:51:08','2014-06-09 21:51:08'),(538,3,'Terminado','2014-06-09 21:51:09','2014-06-09 21:51:08'),(539,2,'Cerrado','2014-06-09 21:51:10','2014-06-09 21:51:10'),(540,3,'Terminado','2014-06-09 21:51:10','2014-06-09 21:51:10'),(541,2,'Cerrado','2014-06-09 21:51:13','2014-06-09 21:51:11'),(542,3,'Terminado','2014-06-09 21:51:11','2014-06-09 21:51:11'),(543,3,'Terminado','2014-06-09 21:51:12','2014-06-09 21:51:11'),(544,3,'Terminado','2014-06-09 21:51:12','2014-06-09 21:51:12'),(545,2,'Cerrado','2014-06-09 21:51:16','2014-06-09 21:51:13'),(546,3,'Terminado','2014-06-09 21:51:14','2014-06-09 21:51:13'),(547,3,'Terminado','2014-06-09 21:51:14','2014-06-09 21:51:14'),(548,3,'Terminado','2014-06-09 21:51:15','2014-06-09 21:51:14'),(549,2,'Cerrado','2014-06-09 21:51:18','2014-06-09 21:51:16'),(550,3,'Terminado','2014-06-09 21:51:17','2014-06-09 21:51:16'),(551,3,'Terminado','2014-06-09 21:51:17','2014-06-09 21:51:17'),(552,2,'Cerrado','2014-06-09 21:51:21','2014-06-09 21:51:18'),(553,3,'Terminado','2014-06-09 21:51:18','2014-06-09 21:51:18'),(554,3,'Terminado','2014-06-09 21:51:19','2014-06-09 21:51:19'),(555,3,'Terminado','2014-06-09 21:51:20','2014-06-09 21:51:19'),(556,3,'Terminado','2014-06-09 21:51:20','2014-06-09 21:51:20'),(557,2,'Cerrado','2014-06-09 21:51:24','2014-06-09 21:51:21'),(558,3,'Terminado','2014-06-09 21:51:22','2014-06-09 21:51:21'),(559,3,'Terminado','2014-06-09 21:51:22','2014-06-09 21:51:22'),(560,3,'Terminado','2014-06-09 21:51:23','2014-06-09 21:51:23'),(561,3,'Terminado','2014-06-09 21:51:24','2014-06-09 21:51:23'),(562,2,'Cerrado','2014-06-09 21:51:26','2014-06-09 21:51:24'),(563,3,'Terminado','2014-06-09 21:51:25','2014-06-09 21:51:25'),(564,3,'Terminado','2014-06-09 21:51:26','2014-06-09 21:51:25'),(565,2,'Cerrado','2014-06-09 21:51:29','2014-06-09 21:51:27'),(566,3,'Terminado','2014-06-09 21:51:27','2014-06-09 21:51:27'),(567,3,'Terminado','2014-06-09 21:51:28','2014-06-09 21:51:28'),(568,3,'Terminado','2014-06-09 21:51:29','2014-06-09 21:51:28'),(569,2,'Cerrado','2014-06-09 21:51:31','2014-06-09 21:51:29'),(570,3,'Terminado','2014-06-09 21:51:30','2014-06-09 21:51:30'),(571,3,'Terminado','2014-06-09 21:51:30','2014-06-09 21:51:30'),(572,2,'Cerrado','2014-06-09 21:51:34','2014-06-09 21:51:31'),(573,3,'Terminado','2014-06-09 21:51:32','2014-06-09 21:51:31'),(574,3,'Terminado','2014-06-09 21:51:32','2014-06-09 21:51:32'),(575,3,'Terminado','2014-06-09 21:51:33','2014-06-09 21:51:32'),(576,3,'Terminado','2014-06-09 21:51:33','2014-06-09 21:51:33'),(577,2,'Cerrado','2014-06-09 21:51:36','2014-06-09 21:51:34'),(578,3,'Terminado','2014-06-09 21:51:35','2014-06-09 21:51:34'),(579,3,'Terminado','2014-06-09 21:51:35','2014-06-09 21:51:35'),(580,2,'Cerrado','2014-06-09 21:51:37','2014-06-09 21:51:36'),(581,3,'Terminado','2014-06-09 21:51:37','2014-06-09 21:51:36'),(582,2,'Cerrado','2014-06-09 21:51:39','2014-06-09 21:51:38'),(583,3,'Terminado','2014-06-09 21:51:38','2014-06-09 21:51:38'),(584,2,'Cerrado','2014-06-09 21:51:42','2014-06-09 21:51:39'),(585,3,'Terminado','2014-06-09 21:51:39','2014-06-09 21:51:39'),(586,3,'Terminado','2014-06-09 21:51:40','2014-06-09 21:51:40'),(587,3,'Terminado','2014-06-09 21:51:41','2014-06-09 21:51:40'),(588,3,'Terminado','2014-06-09 21:51:41','2014-06-09 21:51:41'),(589,2,'Cerrado','2014-06-09 21:51:45','2014-06-09 21:51:42'),(590,3,'Terminado','2014-06-09 21:51:43','2014-06-09 21:51:42'),(591,3,'Terminado','2014-06-09 21:51:43','2014-06-09 21:51:43'),(592,3,'Terminado','2014-06-09 21:51:44','2014-06-09 21:51:44'),(593,3,'Terminado','2014-06-09 21:51:45','2014-06-09 21:51:44'),(594,2,'Cerrado','2014-06-09 21:51:46','2014-06-09 21:51:45'),(595,3,'Terminado','2014-06-09 21:51:46','2014-06-09 21:51:46'),(596,2,'Cerrado','2014-06-09 21:51:47','2014-06-09 21:51:46'),(597,3,'Terminado','2014-06-09 21:51:47','2014-06-09 21:51:47'),(598,2,'Cerrado','2014-06-09 21:51:49','2014-06-09 21:51:48'),(599,3,'Terminado','2014-06-09 21:51:49','2014-06-09 21:51:48'),(600,3,'Terminado','2014-06-09 21:51:49','2014-06-09 21:51:49'),(601,2,'Cerrado','2014-06-09 21:51:52','2014-06-09 21:51:50'),(602,3,'Terminado','2014-06-09 21:51:50','2014-06-09 21:51:50'),(603,3,'Terminado','2014-06-09 21:51:51','2014-06-09 21:51:51'),(604,3,'Terminado','2014-06-09 21:51:52','2014-06-09 21:51:51'),(605,3,'Terminado','2014-06-09 21:51:52','2014-06-09 21:51:52'),(606,2,'Cerrado','2014-06-09 21:51:54','2014-06-09 21:51:53'),(607,3,'Terminado','2014-06-09 21:51:53','2014-06-09 21:51:53'),(608,3,'Terminado','2014-06-09 21:51:54','2014-06-09 21:51:54'),(609,2,'Cerrado','2014-06-09 21:51:56','2014-06-09 21:51:55'),(610,3,'Terminado','2014-06-09 21:51:55','2014-06-09 21:51:55'),(611,2,'Cerrado','2014-06-09 21:51:57','2014-06-09 21:51:56'),(612,3,'Terminado','2014-06-09 21:51:56','2014-06-09 21:51:56'),(613,3,'Terminado','2014-06-09 21:51:57','2014-06-09 21:51:57'),(614,2,'Cerrado','2014-06-09 21:52:00','2014-06-09 21:51:58'),(615,3,'Terminado','2014-06-09 21:51:59','2014-06-09 21:51:58'),(616,3,'Terminado','2014-06-09 21:51:59','2014-06-09 21:51:59'),(617,3,'Terminado','2014-06-09 21:52:00','2014-06-09 21:52:00'),(618,2,'Cerrado','2014-06-09 21:52:03','2014-06-09 21:52:01'),(619,3,'Terminado','2014-06-09 21:52:01','2014-06-09 21:52:01'),(620,3,'Terminado','2014-06-09 21:52:02','2014-06-09 21:52:02'),(621,3,'Terminado','2014-06-09 21:52:03','2014-06-09 21:52:02'),(622,2,'Cerrado','2014-06-09 21:52:05','2014-06-09 21:52:03'),(623,3,'Terminado','2014-06-09 21:52:04','2014-06-09 21:52:04'),(624,3,'Terminado','2014-06-09 21:52:04','2014-06-09 21:52:04'),(625,2,'Cerrado','2014-06-09 21:52:07','2014-06-09 21:52:05'),(626,3,'Terminado','2014-06-09 21:52:06','2014-06-09 21:52:05'),(627,3,'Terminado','2014-06-09 21:52:06','2014-06-09 21:52:06'),(628,3,'Terminado','2014-06-09 21:52:07','2014-06-09 21:52:06'),(629,2,'Cerrado','2014-06-09 21:52:10','2014-06-09 21:52:08'),(630,3,'Terminado','2014-06-09 21:52:08','2014-06-09 21:52:08'),(631,3,'Terminado','2014-06-09 21:52:09','2014-06-09 21:52:08'),(632,3,'Terminado','2014-06-09 21:52:10','2014-06-09 21:52:09'),(633,2,'Cerrado','2014-06-09 21:52:12','2014-06-09 21:52:11'),(634,3,'Terminado','2014-06-09 21:52:11','2014-06-09 21:52:11'),(635,3,'Terminado','2014-06-09 21:52:12','2014-06-09 21:52:11'),(636,2,'Cerrado','2014-06-09 21:52:13','2014-06-09 21:52:12'),(637,3,'Terminado','2014-06-09 21:52:13','2014-06-09 21:52:13'),(638,2,'Cerrado','2014-06-09 21:52:16','2014-06-09 21:52:14'),(639,3,'Terminado','2014-06-09 21:52:14','2014-06-09 21:52:14'),(640,3,'Terminado','2014-06-09 21:52:15','2014-06-09 21:52:14'),(641,3,'Terminado','2014-06-09 21:52:15','2014-06-09 21:52:15'),(642,3,'Terminado','2014-06-09 21:52:16','2014-06-09 21:52:16'),(643,2,'Cerrado','2014-06-09 21:52:19','2014-06-09 21:52:17'),(644,3,'Terminado','2014-06-09 21:52:17','2014-06-09 21:52:17'),(645,3,'Terminado','2014-06-09 21:52:18','2014-06-09 21:52:18'),(646,3,'Terminado','2014-06-09 21:52:19','2014-06-09 21:52:18'),(647,2,'Cerrado','2014-06-09 21:52:23','2014-06-09 21:52:19'),(648,3,'Terminado','2014-06-09 21:52:20','2014-06-09 21:52:19'),(649,3,'Terminado','2014-06-09 21:52:21','2014-06-09 21:52:20'),(650,3,'Terminado','2014-06-09 21:52:22','2014-06-09 21:52:21'),(651,3,'Terminado','2014-06-09 21:52:22','2014-06-09 21:52:22'),(652,2,'Cerrado','2014-06-09 21:52:25','2014-06-09 21:52:23'),(653,3,'Terminado','2014-06-09 21:52:24','2014-06-09 21:52:23'),(654,3,'Terminado','2014-06-09 21:52:24','2014-06-09 21:52:24'),(655,3,'Terminado','2014-06-09 21:52:25','2014-06-09 21:52:24'),(656,2,'Cerrado','2014-06-09 21:52:26','2014-06-09 21:52:26'),(657,3,'Terminado','2014-06-09 21:52:26','2014-06-09 21:52:26'),(658,2,'Cerrado','2014-06-09 21:52:29','2014-06-09 21:52:27'),(659,3,'Terminado','2014-06-09 21:52:27','2014-06-09 21:52:27'),(660,3,'Terminado','2014-06-09 21:52:28','2014-06-09 21:52:28'),(661,3,'Terminado','2014-06-09 21:52:29','2014-06-09 21:52:28'),(662,3,'Terminado','2014-06-09 21:52:29','2014-06-09 21:52:29'),(663,2,'Cerrado','2014-06-09 21:52:33','2014-06-09 21:52:30'),(664,3,'Terminado','2014-06-09 21:52:31','2014-06-09 21:52:30'),(665,3,'Terminado','2014-06-09 21:52:32','2014-06-09 21:52:31'),(666,3,'Terminado','2014-06-09 21:52:32','2014-06-09 21:52:32'),(667,3,'Terminado','2014-06-09 21:52:33','2014-06-09 21:52:33'),(668,2,'Cerrado','2014-06-09 21:52:37','2014-06-09 21:52:34'),(669,3,'Terminado','2014-06-09 21:52:34','2014-06-09 21:52:34'),(670,3,'Terminado','2014-06-09 21:52:35','2014-06-09 21:52:35'),(671,3,'Terminado','2014-06-09 21:52:36','2014-06-09 21:52:35'),(672,3,'Terminado','2014-06-09 21:52:36','2014-06-09 21:52:36'),(673,2,'Cerrado','2014-06-09 21:52:40','2014-06-09 21:52:37'),(674,3,'Terminado','2014-06-09 21:52:38','2014-06-09 21:52:38'),(675,3,'Terminado','2014-06-09 21:52:38','2014-06-09 21:52:38'),(676,3,'Terminado','2014-06-09 21:52:39','2014-06-09 21:52:39'),(677,3,'Terminado','2014-06-09 21:52:40','2014-06-09 21:52:39'),(678,2,'Cerrado','2014-06-09 21:52:43','2014-06-09 21:52:40'),(679,3,'Terminado','2014-06-09 21:52:41','2014-06-09 21:52:41'),(680,3,'Terminado','2014-06-09 21:52:42','2014-06-09 21:52:41'),(681,3,'Terminado','2014-06-09 21:52:42','2014-06-09 21:52:42'),(682,2,'Cerrado','2014-06-09 21:52:46','2014-06-09 21:52:43'),(683,3,'Terminado','2014-06-09 21:52:44','2014-06-09 21:52:44'),(684,3,'Terminado','2014-06-09 21:52:45','2014-06-09 21:52:44'),(685,3,'Terminado','2014-06-09 21:52:45','2014-06-09 21:52:45'),(686,2,'Cerrado','2014-06-09 21:52:48','2014-06-09 21:52:46'),(687,3,'Terminado','2014-06-09 21:52:46','2014-06-09 21:52:46'),(688,3,'Terminado','2014-06-09 21:52:47','2014-06-09 21:52:47'),(689,3,'Terminado','2014-06-09 21:52:48','2014-06-09 21:52:47'),(690,2,'Cerrado','2014-06-09 21:52:51','2014-06-09 21:52:48'),(691,3,'Terminado','2014-06-09 21:52:49','2014-06-09 21:52:49'),(692,3,'Terminado','2014-06-09 21:52:50','2014-06-09 21:52:49'),(693,3,'Terminado','2014-06-09 21:52:50','2014-06-09 21:52:50'),(694,3,'Terminado','2014-06-09 21:52:51','2014-06-09 21:52:51'),(695,2,'Cerrado','2014-06-09 21:52:55','2014-06-09 21:52:52'),(696,3,'Terminado','2014-06-09 21:52:52','2014-06-09 21:52:52'),(697,3,'Terminado','2014-06-09 21:52:53','2014-06-09 21:52:52'),(698,3,'Terminado','2014-06-09 21:52:54','2014-06-09 21:52:53'),(699,3,'Terminado','2014-06-09 21:52:54','2014-06-09 21:52:54'),(700,2,'Cerrado','2014-06-09 21:52:57','2014-06-09 21:52:55'),(701,3,'Terminado','2014-06-09 21:52:56','2014-06-09 21:52:55'),(702,3,'Terminado','2014-06-09 21:52:56','2014-06-09 21:52:56'),(703,2,'Cerrado','2014-06-09 21:53:00','2014-06-09 21:52:57'),(704,3,'Terminado','2014-06-09 21:52:58','2014-06-09 21:52:57'),(705,3,'Terminado','2014-06-09 21:52:58','2014-06-09 21:52:58'),(706,3,'Terminado','2014-06-09 21:52:59','2014-06-09 21:52:58'),(707,3,'Terminado','2014-06-09 21:52:59','2014-06-09 21:52:59'),(708,2,'Cerrado','2014-06-09 21:53:02','2014-06-09 21:53:00'),(709,3,'Terminado','2014-06-09 21:53:01','2014-06-09 21:53:01'),(710,3,'Terminado','2014-06-09 21:53:01','2014-06-09 21:53:01'),(711,3,'Terminado','2014-06-09 21:53:02','2014-06-09 21:53:02'),(712,2,'Cerrado','2014-06-09 21:53:05','2014-06-09 21:53:03'),(713,3,'Terminado','2014-06-09 21:53:03','2014-06-09 21:53:03'),(714,3,'Terminado','2014-06-09 21:53:04','2014-06-09 21:53:03'),(715,3,'Terminado','2014-06-09 21:53:05','2014-06-09 21:53:04'),(716,2,'Cerrado','2014-06-09 21:53:08','2014-06-09 21:53:06'),(717,3,'Terminado','2014-06-09 21:53:06','2014-06-09 21:53:06'),(718,3,'Terminado','2014-06-09 21:53:07','2014-06-09 21:53:07'),(719,3,'Terminado','2014-06-09 21:53:07','2014-06-09 21:53:07'),(720,3,'Terminado','2014-06-09 21:53:08','2014-06-09 21:53:08'),(721,2,'Cerrado','2014-06-09 21:53:10','2014-06-09 21:53:09'),(722,3,'Terminado','2014-06-09 21:53:09','2014-06-09 21:53:09'),(723,3,'Terminado','2014-06-09 21:53:10','2014-06-09 21:53:10'),(724,2,'Cerrado','2014-06-09 21:53:13','2014-06-09 21:53:11'),(725,3,'Terminado','2014-06-09 21:53:11','2014-06-09 21:53:11'),(726,3,'Terminado','2014-06-09 21:53:12','2014-06-09 21:53:11'),(727,3,'Terminado','2014-06-09 21:53:12','2014-06-09 21:53:12'),(728,2,'Cerrado','2014-06-09 21:53:15','2014-06-09 21:53:13'),(729,3,'Terminado','2014-06-09 21:53:14','2014-06-09 21:53:13'),(730,3,'Terminado','2014-06-09 21:53:14','2014-06-09 21:53:14'),(731,2,'Cerrado','2014-06-09 21:53:16','2014-06-09 21:53:15'),(732,3,'Terminado','2014-06-09 21:53:16','2014-06-09 21:53:16');
/*!40000 ALTER TABLE `state_timer` ENABLE KEYS */;
UNLOCK TABLES;

--
-- Table structure for table `state_timer_total`
--

DROP TABLE IF EXISTS `state_timer_total`;
/*!40101 SET @saved_cs_client     = @@character_set_client */;
/*!40101 SET character_set_client = utf8 */;
CREATE TABLE `state_timer_total` (
  `state_timer_id` bigint(20) DEFAULT NULL,
  `total_long` bigint(20) DEFAULT NULL,
  `total_idx` varchar(255) DEFAULT NULL,
  `total_elt` bigint(20) NOT NULL
) ENGINE=InnoDB DEFAULT CHARSET=latin1;
/*!40101 SET character_set_client = @saved_cs_client */;

--
-- Dumping data for table `state_timer_total`
--

LOCK TABLES `state_timer_total` WRITE;
/*!40000 ALTER TABLE `state_timer_total` DISABLE KEYS */;
INSERT INTO `state_timer_total` VALUES (1,NULL,'Abierto',4447),(2,NULL,'Pendiente',1645),(2,NULL,'En Preparacion',847),(2,NULL,'Terminado',1074),(3,NULL,'Pendiente',406),(3,NULL,'En Preparacion',518),(3,NULL,'Terminado',730),(4,NULL,'Pendiente',1189),(4,NULL,'En Preparacion',327),(4,NULL,'Terminado',503),(5,NULL,'Pendiente',909),(5,NULL,'En Preparacion',1038),(5,NULL,'Terminado',280),(1,NULL,'Cerrado',795),(6,NULL,'Abierto',4467),(7,NULL,'Pendiente',242),(7,NULL,'En Preparacion',354),(7,NULL,'Terminado',585),(8,NULL,'Pendiente',982),(8,NULL,'En Preparacion',1196),(8,NULL,'Terminado',500),(9,NULL,'Pendiente',1144),(9,NULL,'En Preparacion',345),(9,NULL,'Terminado',539),(10,NULL,'Pendiente',969),(10,NULL,'En Preparacion',1097),(10,NULL,'Terminado',315),(6,NULL,'Cerrado',790),(11,NULL,'Abierto',1722),(12,NULL,'Pendiente',237),(12,NULL,'En Preparacion',363),(12,NULL,'Terminado',567),(11,NULL,'Cerrado',905),(13,NULL,'Abierto',2752),(14,NULL,'Pendiente',903),(14,NULL,'En Preparacion',1030),(14,NULL,'Terminado',220),(15,NULL,'Pendiente',613),(15,NULL,'En Preparacion',747),(15,NULL,'Terminado',922),(16,NULL,'Pendiente',285),(16,NULL,'En Preparacion',411),(16,NULL,'Terminado',607),(13,NULL,'Cerrado',1019),(17,NULL,'Abierto',2258),(18,NULL,'Pendiente',467),(18,NULL,'En Preparacion',579),(18,NULL,'Terminado',757),(19,NULL,'Pendiente',1128),(19,NULL,'En Preparacion',245),(19,NULL,'Terminado',425),(20,NULL,'Pendiente',779),(20,NULL,'En Preparacion',882),(20,NULL,'Terminado',1115),(17,NULL,'Cerrado',488),(21,NULL,'Abierto',3453),(22,NULL,'Pendiente',970),(22,NULL,'En Preparacion',1086),(22,NULL,'Terminado',295),(23,NULL,'Pendiente',678),(23,NULL,'En Preparacion',778),(23,NULL,'Terminado',960),(24,NULL,'Pendiente',333),(24,NULL,'En Preparacion',454),(24,NULL,'Terminado',642),(25,NULL,'Pendiente',1047),(25,NULL,'En Preparacion',162),(25,NULL,'Terminado',329),(21,NULL,'Cerrado',783),(26,NULL,'Abierto',4380),(27,NULL,'Pendiente',284),(27,NULL,'En Preparacion',382),(27,NULL,'Terminado',553),(28,NULL,'Pendiente',878),(28,NULL,'En Preparacion',1012),(28,NULL,'Terminado',211),(29,NULL,'Pendiente',641),(29,NULL,'En Preparacion',743),(29,NULL,'Terminado',920),(30,NULL,'Pendiente',970),(30,NULL,'En Preparacion',1099),(30,NULL,'Terminado',255),(26,NULL,'Cerrado',664),(31,NULL,'Abierto',1629),(32,NULL,'Pendiente',1192),(32,NULL,'En Preparacion',323),(32,NULL,'Terminado',512),(31,NULL,'Cerrado',782),(33,NULL,'Abierto',3887),(34,NULL,'Pendiente',243),(34,NULL,'En Preparacion',417),(34,NULL,'Terminado',613),(35,NULL,'Pendiente',972),(35,NULL,'En Preparacion',1082),(35,NULL,'Terminado',299),(36,NULL,'Pendiente',714),(36,NULL,'En Preparacion',839),(36,NULL,'Terminado',1006),(37,NULL,'Pendiente',438),(37,NULL,'En Preparacion',558),(37,NULL,'Terminado',747),(33,NULL,'Cerrado',1174),(38,NULL,'Abierto',1063),(39,NULL,'Pendiente',612),(39,NULL,'En Preparacion',729),(39,NULL,'Terminado',930),(38,NULL,'Cerrado',253),(40,NULL,'Abierto',3256),(41,NULL,'Pendiente',726),(41,NULL,'En Preparacion',838),(41,NULL,'Terminado',1003),(42,NULL,'Pendiente',376),(42,NULL,'En Preparacion',498),(42,NULL,'Terminado',668),(43,NULL,'Pendiente',1034),(43,NULL,'En Preparacion',140),(43,NULL,'Terminado',318),(44,NULL,'Pendiente',783),(44,NULL,'En Preparacion',895),(44,NULL,'Terminado',1082),(40,NULL,'Cerrado',545),(45,NULL,'Abierto',1913),(46,NULL,'Pendiente',1451),(46,NULL,'En Preparacion',633),(46,NULL,'Terminado',789),(45,NULL,'Cerrado',1090),(47,NULL,'Abierto',1006),(48,NULL,'Pendiente',616),(48,NULL,'En Preparacion',720),(48,NULL,'Terminado',884),(47,NULL,'Cerrado',159),(49,NULL,'Abierto',1113),(50,NULL,'Pendiente',683),(50,NULL,'En Preparacion',818),(50,NULL,'Terminado',999),(49,NULL,'Cerrado',257),(51,NULL,'Abierto',1323),(52,NULL,'Pendiente',728),(52,NULL,'En Preparacion',853),(52,NULL,'Terminado',1049),(51,NULL,'Cerrado',481),(53,NULL,'Abierto',1426),(54,NULL,'Pendiente',954),(54,NULL,'En Preparacion',1074),(54,NULL,'Terminado',285),(53,NULL,'Cerrado',616),(55,NULL,'Abierto',2160),(56,NULL,'Pendiente',1091),(56,NULL,'En Preparacion',211),(56,NULL,'Terminado',399),(57,NULL,'Pendiente',760),(57,NULL,'En Preparacion',882),(57,NULL,'Terminado',1038),(55,NULL,'Cerrado',342),(58,NULL,'Abierto',2582),(59,NULL,'Pendiente',832),(59,NULL,'En Preparacion',961),(59,NULL,'Terminado',1160),(60,NULL,'Pendiente',464),(60,NULL,'En Preparacion',570),(60,NULL,'Terminado',758),(61,NULL,'Pendiente',1177),(61,NULL,'En Preparacion',308),(61,NULL,'Terminado',466),(58,NULL,'Cerrado',806),(62,NULL,'Abierto',3599),(63,NULL,'Pendiente',281),(63,NULL,'En Preparacion',422),(63,NULL,'Terminado',621),(64,NULL,'Pendiente',1490),(64,NULL,'En Preparacion',598),(64,NULL,'Terminado',791),(65,NULL,'Pendiente',1207),(65,NULL,'En Preparacion',313),(65,NULL,'Terminado',479),(62,NULL,'Cerrado',819),(66,NULL,'Abierto',3775),(67,NULL,'Pendiente',313),(67,NULL,'En Preparacion',436),(67,NULL,'Terminado',643),(68,NULL,'Pendiente',965),(68,NULL,'En Preparacion',1066),(68,NULL,'Terminado',256),(69,NULL,'Pendiente',683),(69,NULL,'En Preparacion',785),(69,NULL,'Terminado',941),(70,NULL,'Pendiente',312),(70,NULL,'En Preparacion',442),(70,NULL,'Terminado',637),(66,NULL,'Cerrado',1051),(71,NULL,'Abierto',1651),(72,NULL,'Pendiente',492),(72,NULL,'En Preparacion',622),(72,NULL,'Terminado',819),(73,NULL,'Pendiente',1214),(73,NULL,'En Preparacion',346),(73,NULL,'Terminado',502),(71,NULL,'Cerrado',837),(74,NULL,'Abierto',3107),(75,NULL,'Pendiente',342),(75,NULL,'En Preparacion',466),(75,NULL,'Terminado',646),(76,NULL,'Pendiente',939),(76,NULL,'En Preparacion',1090),(76,NULL,'Terminado',276),(77,NULL,'Pendiente',696),(77,NULL,'En Preparacion',817),(77,NULL,'Terminado',982),(74,NULL,'Cerrado',331),(78,NULL,'Abierto',1242),(79,NULL,'Pendiente',838),(79,NULL,'En Preparacion',959),(79,NULL,'Terminado',1131),(78,NULL,'Cerrado',398),(80,NULL,'Abierto',3761),(81,NULL,'Pendiente',1316),(81,NULL,'En Preparacion',443),(81,NULL,'Terminado',598),(82,NULL,'Pendiente',902),(82,NULL,'En Preparacion',1004),(82,NULL,'Terminado',187),(83,NULL,'Pendiente',620),(83,NULL,'En Preparacion',721),(83,NULL,'Terminado',879),(84,NULL,'Pendiente',283),(84,NULL,'En Preparacion',408),(84,NULL,'Terminado',620),(80,NULL,'Cerrado',1012),(85,NULL,'Abierto',1579),(86,NULL,'Pendiente',507),(86,NULL,'En Preparacion',670),(86,NULL,'Terminado',855),(87,NULL,'Pendiente',196),(87,NULL,'En Preparacion',299),(87,NULL,'Terminado',462),(85,NULL,'Cerrado',777),(88,NULL,'Abierto',2283),(89,NULL,'Pendiente',294),(89,NULL,'En Preparacion',396),(89,NULL,'Terminado',556),(90,NULL,'Pendiente',848),(90,NULL,'En Preparacion',955),(90,NULL,'Terminado',1147),(88,NULL,'Cerrado',493),(91,NULL,'Abierto',2037),(92,NULL,'Pendiente',945),(92,NULL,'En Preparacion',1057),(92,NULL,'Terminado',225),(93,NULL,'Pendiente',606),(93,NULL,'En Preparacion',730),(93,NULL,'Terminado',887),(91,NULL,'Cerrado',221),(94,NULL,'Abierto',1741),(95,NULL,'Pendiente',729),(95,NULL,'En Preparacion',853),(95,NULL,'Terminado',1045),(96,NULL,'Pendiente',351),(96,NULL,'En Preparacion',448),(96,NULL,'Terminado',609),(94,NULL,'Cerrado',963),(97,NULL,'Abierto',2184),(98,NULL,'Pendiente',923),(98,NULL,'En Preparacion',1196),(98,NULL,'Terminado',375),(99,NULL,'Pendiente',738),(99,NULL,'En Preparacion',858),(99,NULL,'Terminado',1048),(97,NULL,'Cerrado',364),(100,NULL,'Abierto',3410),(101,NULL,'Pendiente',869),(101,NULL,'En Preparacion',996),(101,NULL,'Terminado',1185),(102,NULL,'Pendiente',574),(102,NULL,'En Preparacion',678),(102,NULL,'Terminado',842),(103,NULL,'Pendiente',1233),(103,NULL,'En Preparacion',396),(103,NULL,'Terminado',575),(104,NULL,'Pendiente',973),(104,NULL,'En Preparacion',1074),(104,NULL,'Terminado',241),(100,NULL,'Cerrado',731),(105,NULL,'Abierto',1606),(106,NULL,'Pendiente',217),(106,NULL,'En Preparacion',316),(106,NULL,'Terminado',473),(105,NULL,'Cerrado',786),(107,NULL,'Abierto',2417),(108,NULL,'Pendiente',360),(108,NULL,'En Preparacion',462),(108,NULL,'Terminado',630),(109,NULL,'Pendiente',942),(109,NULL,'En Preparacion',1058),(109,NULL,'Terminado',239),(107,NULL,'Cerrado',607),(110,NULL,'Abierto',2124),(111,NULL,'Pendiente',1095),(111,NULL,'En Preparacion',202),(111,NULL,'Terminado',382),(112,NULL,'Pendiente',741),(112,NULL,'En Preparacion',843),(112,NULL,'Terminado',1013),(110,NULL,'Cerrado',306),(113,NULL,'Abierto',3807),(114,NULL,'Pendiente',842),(114,NULL,'En Preparacion',967),(114,NULL,'Terminado',1122),(115,NULL,'Pendiente',809),(115,NULL,'En Preparacion',1133),(115,NULL,'Terminado',321),(116,NULL,'Pendiente',672),(116,NULL,'En Preparacion',772),(116,NULL,'Terminado',929),(117,NULL,'Pendiente',377),(117,NULL,'En Preparacion',501),(117,NULL,'Terminado',693),(113,NULL,'Cerrado',1077),(118,NULL,'Abierto',1562),(119,NULL,'Pendiente',568),(119,NULL,'En Preparacion',680),(119,NULL,'Terminado',858),(120,NULL,'Pendiente',1177),(120,NULL,'En Preparacion',281),(120,NULL,'Terminado',437),(118,NULL,'Cerrado',801),(121,NULL,'Abierto',2985),(122,NULL,'Pendiente',342),(122,NULL,'En Preparacion',445),(122,NULL,'Terminado',604),(123,NULL,'Pendiente',916),(123,NULL,'En Preparacion',1039),(123,NULL,'Terminado',217),(124,NULL,'Pendiente',600),(124,NULL,'En Preparacion',700),(124,NULL,'Terminado',865),(121,NULL,'Cerrado',1249),(125,NULL,'Abierto',2599),(126,NULL,'Pendiente',863),(126,NULL,'En Preparacion',975),(126,NULL,'Terminado',1160),(127,NULL,'Pendiente',497),(127,NULL,'En Preparacion',612),(127,NULL,'Terminado',811),(128,NULL,'Pendiente',1193),(128,NULL,'En Preparacion',293),(128,NULL,'Terminado',457),(125,NULL,'Cerrado',870),(129,NULL,'Abierto',3125),(130,NULL,'Pendiente',396),(130,NULL,'En Preparacion',507),(130,NULL,'Terminado',668),(131,NULL,'Pendiente',978),(131,NULL,'En Preparacion',1102),(131,NULL,'Terminado',297),(132,NULL,'Pendiente',1464),(132,NULL,'En Preparacion',692),(132,NULL,'Terminado',961),(129,NULL,'Cerrado',548),(133,NULL,'Abierto',1988),(134,NULL,'Pendiente',345),(134,NULL,'En Preparacion',574),(134,NULL,'Terminado',854),(133,NULL,'Cerrado',1225),(135,NULL,'Abierto',1605),(136,NULL,'Pendiente',945),(136,NULL,'En Preparacion',1146),(136,NULL,'Terminado',392),(135,NULL,'Cerrado',833),(137,NULL,'Abierto',6895),(138,NULL,'Pendiente',573),(138,NULL,'En Preparacion',703),(138,NULL,'Terminado',955),(139,NULL,'Pendiente',404),(139,NULL,'En Preparacion',513),(139,NULL,'Terminado',802),(140,NULL,'Pendiente',444),(140,NULL,'En Preparacion',643),(140,NULL,'Terminado',968),(141,NULL,'Pendiente',2096),(141,NULL,'En Preparacion',520),(141,NULL,'Terminado',756),(137,NULL,'Cerrado',1201),(142,NULL,'Abierto',1867),(143,NULL,'Pendiente',766),(143,NULL,'En Preparacion',895),(143,NULL,'Terminado',1086),(144,NULL,'Pendiente',472),(144,NULL,'En Preparacion',598),(144,NULL,'Terminado',755),(142,NULL,'Cerrado',1042),(145,NULL,'Abierto',2933),(146,NULL,'Pendiente',561),(146,NULL,'En Preparacion',685),(146,NULL,'Terminado',865),(147,NULL,'Pendiente',1157),(147,NULL,'En Preparacion',257),(147,NULL,'Terminado',414),(148,NULL,'Pendiente',810),(148,NULL,'En Preparacion',932),(148,NULL,'Terminado',1082),(149,NULL,'Pendiente',483),(149,NULL,'En Preparacion',584),(149,NULL,'Terminado',776),(145,NULL,'Cerrado',1223),(150,NULL,'Abierto',3306),(151,NULL,'Pendiente',836),(151,NULL,'En Preparacion',937),(151,NULL,'Terminado',1095),(152,NULL,'Pendiente',501),(152,NULL,'En Preparacion',647),(152,NULL,'Terminado',851),(153,NULL,'Pendiente',1201),(153,NULL,'En Preparacion',313),(153,NULL,'Terminado',491),(154,NULL,'Pendiente',908),(154,NULL,'En Preparacion',1010),(154,NULL,'Terminado',168),(150,NULL,'Cerrado',622),(155,NULL,'Abierto',2768),(156,NULL,'Pendiente',1142),(156,NULL,'En Preparacion',244),(156,NULL,'Terminado',401),(157,NULL,'Pendiente',1103),(157,NULL,'En Preparacion',451),(157,NULL,'Terminado',643),(155,NULL,'Cerrado',960),(158,NULL,'Abierto',2218),(159,NULL,'Pendiente',466),(159,NULL,'En Preparacion',588),(159,NULL,'Terminado',767),(160,NULL,'Pendiente',1119),(160,NULL,'En Preparacion',220),(160,NULL,'Terminado',386),(161,NULL,'Pendiente',780),(161,NULL,'En Preparacion',901),(161,NULL,'Terminado',1081),(158,NULL,'Cerrado',437),(162,NULL,'Abierto',2664),(163,NULL,'Pendiente',997),(163,NULL,'En Preparacion',1114),(163,NULL,'Terminado',293),(164,NULL,'Pendiente',629),(164,NULL,'En Preparacion',742),(164,NULL,'Terminado',899),(165,NULL,'Pendiente',248),(165,NULL,'En Preparacion',361),(165,NULL,'Terminado',540),(162,NULL,'Cerrado',907),(166,NULL,'Abierto',868),(167,NULL,'Pendiente',371),(167,NULL,'En Preparacion',511),(167,NULL,'Terminado',724),(166,NULL,'Cerrado',1022),(168,NULL,'Abierto',2507),(169,NULL,'Pendiente',658),(169,NULL,'En Preparacion',783),(169,NULL,'Terminado',992),(170,NULL,'Pendiente',343),(170,NULL,'En Preparacion',455),(170,NULL,'Terminado',654),(171,NULL,'Pendiente',1047),(171,NULL,'En Preparacion',172),(171,NULL,'Terminado',374),(168,NULL,'Cerrado',735),(172,NULL,'Abierto',2857),(173,NULL,'Pendiente',319),(173,NULL,'En Preparacion',444),(173,NULL,'Terminado',758),(174,NULL,'Pendiente',441),(174,NULL,'En Preparacion',551),(174,NULL,'Terminado',731),(172,NULL,'Cerrado',1080),(175,NULL,'Abierto',1845),(176,NULL,'Pendiente',754),(176,NULL,'En Preparacion',867),(176,NULL,'Terminado',1066),(177,NULL,'Pendiente',418),(177,NULL,'En Preparacion',530),(177,NULL,'Terminado',709),(175,NULL,'Cerrado',1036),(178,NULL,'Abierto',2991),(179,NULL,'Pendiente',554),(179,NULL,'En Preparacion',655),(179,NULL,'Terminado',842),(180,NULL,'Pendiente',297),(180,NULL,'En Preparacion',415),(180,NULL,'Terminado',567),(181,NULL,'Pendiente',888),(181,NULL,'En Preparacion',1001),(181,NULL,'Terminado',180),(182,NULL,'Pendiente',631),(182,NULL,'En Preparacion',731),(182,NULL,'Terminado',880),(178,NULL,'Cerrado',1311),(183,NULL,'Abierto',1213),(184,NULL,'Pendiente',843),(184,NULL,'En Preparacion',946),(184,NULL,'Terminado',1101),(183,NULL,'Cerrado',391),(185,NULL,'Abierto',1302),(186,NULL,'Pendiente',921),(186,NULL,'En Preparacion',1044),(186,NULL,'Terminado',193),(185,NULL,'Cerrado',446),(187,NULL,'Abierto',4151),(188,NULL,'Pendiente',987),(188,NULL,'En Preparacion',1111),(188,NULL,'Terminado',293),(189,NULL,'Pendiente',595),(189,NULL,'En Preparacion',705),(189,NULL,'Terminado',875),(190,NULL,'Pendiente',270),(190,NULL,'En Preparacion',417),(190,NULL,'Terminado',1231),(191,NULL,'Pendiente',723),(191,NULL,'En Preparacion',836),(191,NULL,'Terminado',1015),(187,NULL,'Cerrado',394),(192,NULL,'Abierto',2528),(193,NULL,'Pendiente',890),(193,NULL,'En Preparacion',1024),(193,NULL,'Terminado',209),(194,NULL,'Pendiente',509),(194,NULL,'En Preparacion',610),(194,NULL,'Terminado',756),(195,NULL,'Pendiente',1105),(195,NULL,'En Preparacion',217),(195,NULL,'Terminado',398),(192,NULL,'Cerrado',742),(196,NULL,'Abierto',1687),(197,NULL,'Pendiente',272),(197,NULL,'En Preparacion',385),(197,NULL,'Terminado',564),(196,NULL,'Cerrado',842),(198,NULL,'Abierto',3012),(199,NULL,'Pendiente',339),(199,NULL,'En Preparacion',441),(199,NULL,'Terminado',665),(200,NULL,'Pendiente',1004),(200,NULL,'En Preparacion',116),(200,NULL,'Terminado',262),(201,NULL,'Pendiente',600),(201,NULL,'En Preparacion',711),(201,NULL,'Terminado',890),(198,NULL,'Cerrado',280),(202,NULL,'Abierto',2531),(203,NULL,'Pendiente',799),(203,NULL,'En Preparacion',901),(203,NULL,'Terminado',1083),(204,NULL,'Pendiente',428),(204,NULL,'En Preparacion',556),(204,NULL,'Terminado',709),(205,NULL,'Pendiente',1078),(205,NULL,'En Preparacion',181),(205,NULL,'Terminado',374),(202,NULL,'Cerrado',831),(206,NULL,'Abierto',2568),(207,NULL,'Pendiente',378),(207,NULL,'En Preparacion',488),(207,NULL,'Terminado',854),(208,NULL,'Pendiente',442),(208,NULL,'En Preparacion',561),(208,NULL,'Terminado',732),(209,NULL,'Pendiente',1125),(209,NULL,'En Preparacion',246),(209,NULL,'Terminado',436),(206,NULL,'Cerrado',824),(210,NULL,'Abierto',3797),(211,NULL,'Pendiente',349),(211,NULL,'En Preparacion',470),(211,NULL,'Terminado',663),(212,NULL,'Pendiente',1006),(212,NULL,'En Preparacion',120),(212,NULL,'Terminado',264),(213,NULL,'Pendiente',603),(213,NULL,'En Preparacion',723),(213,NULL,'Terminado',910),(214,NULL,'Pendiente',355),(214,NULL,'En Preparacion',461),(214,NULL,'Terminado',677),(210,NULL,'Cerrado',1093),(215,NULL,'Abierto',3129),(216,NULL,'Pendiente',657),(216,NULL,'En Preparacion',758),(216,NULL,'Terminado',936),(217,NULL,'Pendiente',220),(217,NULL,'En Preparacion',323),(217,NULL,'Terminado',521),(218,NULL,'Pendiente',951),(218,NULL,'En Preparacion',1073),(218,NULL,'Terminado',218),(219,NULL,'Pendiente',672),(219,NULL,'En Preparacion',807),(219,NULL,'Terminado',997),(215,NULL,'Cerrado',407),(220,NULL,'Abierto',2513),(221,NULL,'Pendiente',880),(221,NULL,'En Preparacion',982),(221,NULL,'Terminado',1162),(222,NULL,'Pendiente',511),(222,NULL,'En Preparacion',611),(222,NULL,'Terminado',761),(223,NULL,'Pendiente',1083),(223,NULL,'En Preparacion',195),(223,NULL,'Terminado',387),(220,NULL,'Cerrado',1191),(224,NULL,'Abierto',1687),(225,NULL,'Pendiente',698),(225,NULL,'En Preparacion',811),(225,NULL,'Terminado',991),(226,NULL,'Pendiente',305),(226,NULL,'En Preparacion',429),(226,NULL,'Terminado',577),(224,NULL,'Cerrado',930),(227,NULL,'Abierto',1472),(228,NULL,'Pendiente',487),(228,NULL,'En Preparacion',588),(228,NULL,'Terminado',743),(229,NULL,'Pendiente',1047),(229,NULL,'En Preparacion',158),(229,NULL,'Terminado',339),(227,NULL,'Cerrado',662),(230,NULL,'Abierto',2194),(231,NULL,'Pendiente',192),(231,NULL,'En Preparacion',305),(231,NULL,'Terminado',483),(232,NULL,'Pendiente',820),(232,NULL,'En Preparacion',933),(232,NULL,'Terminado',1080),(230,NULL,'Cerrado',370),(233,NULL,'Abierto',1345),(234,NULL,'Pendiente',932),(234,NULL,'En Preparacion',1057),(234,NULL,'Terminado',238),(233,NULL,'Cerrado',491),(235,NULL,'Abierto',2808),(236,NULL,'Pendiente',1032),(236,NULL,'En Preparacion',167),(236,NULL,'Terminado',368),(237,NULL,'Pendiente',721),(237,NULL,'En Preparacion',822),(237,NULL,'Terminado',1006),(238,NULL,'Pendiente',392),(238,NULL,'En Preparacion',519),(238,NULL,'Terminado',694),(235,NULL,'Cerrado',1033),(239,NULL,'Abierto',2714),(240,NULL,'Pendiente',587),(240,NULL,'En Preparacion',705),(240,NULL,'Terminado',896),(241,NULL,'Pendiente',1165),(241,NULL,'En Preparacion',269),(241,NULL,'Terminado',694),(242,NULL,'Pendiente',302),(242,NULL,'En Preparacion',449),(242,NULL,'Terminado',602),(239,NULL,'Cerrado',923),(243,NULL,'Abierto',1462),(244,NULL,'Pendiente',465),(244,NULL,'En Preparacion',590),(244,NULL,'Terminado',779),(245,NULL,'Pendiente',1078),(245,NULL,'En Preparacion',184),(245,NULL,'Terminado',343),(243,NULL,'Cerrado',675),(246,NULL,'Abierto',2261),(247,NULL,'Pendiente',262),(247,NULL,'En Preparacion',366),(247,NULL,'Terminado',521),(248,NULL,'Pendiente',867),(248,NULL,'En Preparacion',982),(248,NULL,'Terminado',1151),(246,NULL,'Cerrado',449),(249,NULL,'Abierto',1407),(250,NULL,'Pendiente',968),(250,NULL,'En Preparacion',1081),(250,NULL,'Terminado',263),(249,NULL,'Cerrado',555),(251,NULL,'Abierto',2741),(252,NULL,'Pendiente',1063),(252,NULL,'En Preparacion',181),(252,NULL,'Terminado',361),(253,NULL,'Pendiente',705),(253,NULL,'En Preparacion',811),(253,NULL,'Terminado',968),(254,NULL,'Pendiente',327),(254,NULL,'En Preparacion',439),(254,NULL,'Terminado',619),(251,NULL,'Cerrado',1007),(255,NULL,'Abierto',1597),(256,NULL,'Pendiente',540),(256,NULL,'En Preparacion',642),(256,NULL,'Terminado',835),(257,NULL,'Pendiente',1196),(257,NULL,'En Preparacion',325),(257,NULL,'Terminado',482),(255,NULL,'Cerrado',772),(258,NULL,'Abierto',2246),(259,NULL,'Pendiente',628),(259,NULL,'En Preparacion',952),(259,NULL,'Terminado',1130),(258,NULL,'Cerrado',387),(260,NULL,'Abierto',1388),(261,NULL,'Pendiente',973),(261,NULL,'En Preparacion',1096),(261,NULL,'Terminado',277),(260,NULL,'Cerrado',531),(262,NULL,'Abierto',2789),(263,NULL,'Pendiente',1105),(263,NULL,'En Preparacion',236),(263,NULL,'Terminado',409),(264,NULL,'Pendiente',715),(264,NULL,'En Preparacion',817),(264,NULL,'Terminado',972),(265,NULL,'Pendiente',354),(265,NULL,'En Preparacion',466),(265,NULL,'Terminado',656),(262,NULL,'Cerrado',1000),(266,NULL,'Abierto',2990),(267,NULL,'Pendiente',498),(267,NULL,'En Preparacion',631),(267,NULL,'Terminado',814),(268,NULL,'Pendiente',1149),(268,NULL,'En Preparacion',273),(268,NULL,'Terminado',441),(269,NULL,'Pendiente',808),(269,NULL,'En Preparacion',914),(269,NULL,'Terminado',1123),(270,NULL,'Pendiente',615),(270,NULL,'En Preparacion',733),(270,NULL,'Terminado',880),(266,NULL,'Cerrado',1243),(271,NULL,'Abierto',1281),(272,NULL,'Pendiente',833),(272,NULL,'En Preparacion',957),(272,NULL,'Terminado',1167),(271,NULL,'Cerrado',424),(273,NULL,'Abierto',1431),(274,NULL,'Pendiente',956),(274,NULL,'En Preparacion',1068),(274,NULL,'Terminado',313),(273,NULL,'Cerrado',572),(275,NULL,'Abierto',3901),(276,NULL,'Pendiente',1183),(276,NULL,'En Preparacion',452),(276,NULL,'Terminado',905),(277,NULL,'Pendiente',201),(277,NULL,'En Preparacion',303),(277,NULL,'Terminado',461),(278,NULL,'Pendiente',842),(278,NULL,'En Preparacion',967),(278,NULL,'Terminado',1122),(279,NULL,'Pendiente',493),(279,NULL,'En Preparacion',598),(279,NULL,'Terminado',775),(275,NULL,'Cerrado',1175),(280,NULL,'Abierto',1090),(281,NULL,'Pendiente',674),(281,NULL,'En Preparacion',785),(281,NULL,'Terminado',964),(280,NULL,'Cerrado',265),(282,NULL,'Abierto',1153),(283,NULL,'Pendiente',766),(283,NULL,'En Preparacion',875),(283,NULL,'Terminado',1032),(282,NULL,'Cerrado',319),(284,NULL,'Abierto',2051),(285,NULL,'Pendiente',1005),(285,NULL,'En Preparacion',110),(285,NULL,'Terminado',277),(286,NULL,'Pendiente',626),(286,NULL,'En Preparacion',747),(286,NULL,'Terminado',928),(284,NULL,'Cerrado',231),(287,NULL,'Abierto',1742),(288,NULL,'Pendiente',749),(288,NULL,'En Preparacion',860),(288,NULL,'Terminado',1040),(289,NULL,'Pendiente',376),(289,NULL,'En Preparacion',481),(289,NULL,'Terminado',624),(287,NULL,'Cerrado',964),(290,NULL,'Abierto',3537),(291,NULL,'Pendiente',521),(291,NULL,'En Preparacion',645),(291,NULL,'Terminado',795),(292,NULL,'Pendiente',1087),(292,NULL,'En Preparacion',229),(292,NULL,'Terminado',411),(293,NULL,'Pendiente',914),(293,NULL,'En Preparacion',1192),(293,NULL,'Terminado',489),(294,NULL,'Pendiente',1113),(294,NULL,'En Preparacion',225),(294,NULL,'Terminado',404),(290,NULL,'Cerrado',781),(295,NULL,'Abierto',2333),(296,NULL,'Pendiente',336),(296,NULL,'En Preparacion',449),(296,NULL,'Terminado',639),(297,NULL,'Pendiente',958),(297,NULL,'En Preparacion',1070),(297,NULL,'Terminado',225),(295,NULL,'Cerrado',545),(298,NULL,'Abierto',2730),(299,NULL,'Pendiente',1120),(299,NULL,'En Preparacion',226),(299,NULL,'Terminado',379),(300,NULL,'Pendiente',665),(300,NULL,'En Preparacion',774),(300,NULL,'Terminado',960),(301,NULL,'Pendiente',370),(301,NULL,'En Preparacion',471),(301,NULL,'Terminado',615),(298,NULL,'Cerrado',972),(302,NULL,'Abierto',2246),(303,NULL,'Pendiente',540),(303,NULL,'En Preparacion',650),(303,NULL,'Terminado',814),(304,NULL,'Pendiente',1135),(304,NULL,'En Preparacion',255),(304,NULL,'Terminado',434),(305,NULL,'Pendiente',850),(305,NULL,'En Preparacion',959),(305,NULL,'Terminado',1131),(302,NULL,'Cerrado',475),(306,NULL,'Abierto',3928),(307,NULL,'Pendiente',1029),(307,NULL,'En Preparacion',131),(307,NULL,'Terminado',312),(308,NULL,'Pendiente',603),(308,NULL,'En Preparacion',715),(308,NULL,'Terminado',894),(309,NULL,'Pendiente',276),(309,NULL,'En Preparacion',378),(309,NULL,'Terminado',526),(310,NULL,'Pendiente',942),(310,NULL,'En Preparacion',1179),(310,NULL,'Terminado',682),(306,NULL,'Cerrado',1170),(311,NULL,'Abierto',3047),(312,NULL,'Pendiente',687),(312,NULL,'En Preparacion',799),(312,NULL,'Terminado',978),(313,NULL,'Pendiente',293),(313,NULL,'En Preparacion',417),(313,NULL,'Terminado',602),(314,NULL,'Pendiente',979),(314,NULL,'En Preparacion',1092),(314,NULL,'Terminado',273),(315,NULL,'Pendiente',643),(315,NULL,'En Preparacion',755),(315,NULL,'Terminado',923),(311,NULL,'Cerrado',367),(316,NULL,'Abierto',2628),(317,NULL,'Pendiente',999),(317,NULL,'En Preparacion',1100),(317,NULL,'Terminado',280),(318,NULL,'Pendiente',618),(318,NULL,'En Preparacion',743),(318,NULL,'Terminado',921),(319,NULL,'Pendiente',246),(319,NULL,'En Preparacion',347),(319,NULL,'Terminado',505),(316,NULL,'Cerrado',893),(320,NULL,'Abierto',2056),(321,NULL,'Pendiente',426),(321,NULL,'En Preparacion',526),(321,NULL,'Terminado',683),(322,NULL,'Pendiente',1028),(322,NULL,'En Preparacion',157),(322,NULL,'Terminado',343),(323,NULL,'Pendiente',662),(323,NULL,'En Preparacion',763),(323,NULL,'Terminado',910),(320,NULL,'Cerrado',327),(324,NULL,'Abierto',1860),(325,NULL,'Pendiente',841),(325,NULL,'En Preparacion',957),(325,NULL,'Terminado',1112),(326,NULL,'Pendiente',454),(326,NULL,'En Preparacion',571),(326,NULL,'Terminado',752),(324,NULL,'Cerrado',1643),(327,NULL,'Abierto',3621),(328,NULL,'Pendiente',262),(328,NULL,'En Preparacion',374),(328,NULL,'Terminado',542),(329,NULL,'Pendiente',838),(329,NULL,'En Preparacion',939),(329,NULL,'Terminado',1106),(330,NULL,'Pendiente',499),(330,NULL,'En Preparacion',621),(330,NULL,'Terminado',790),(331,NULL,'Pendiente',1174),(331,NULL,'En Preparacion',285),(331,NULL,'Terminado',492),(327,NULL,'Cerrado',933),(332,NULL,'Abierto',815),(333,NULL,'Pendiente',419),(333,NULL,'En Preparacion',519),(333,NULL,'Terminado',688),(332,NULL,'Cerrado',989),(334,NULL,'Abierto',987),(335,NULL,'Pendiente',617),(335,NULL,'En Preparacion',720),(335,NULL,'Terminado',870),(334,NULL,'Cerrado',1153),(336,NULL,'Abierto',3099),(337,NULL,'Pendiente',708),(337,NULL,'En Preparacion',808),(337,NULL,'Terminado',969),(338,NULL,'Pendiente',292),(338,NULL,'En Preparacion',405),(338,NULL,'Terminado',575),(339,NULL,'Pendiente',977),(339,NULL,'En Preparacion',1094),(339,NULL,'Terminado',257),(340,NULL,'Pendiente',679),(340,NULL,'En Preparacion',803),(340,NULL,'Terminado',977),(336,NULL,'Cerrado',343),(341,NULL,'Abierto',3216),(342,NULL,'Pendiente',865),(342,NULL,'En Preparacion',976),(342,NULL,'Terminado',1156),(343,NULL,'Pendiente',492),(343,NULL,'En Preparacion',596),(343,NULL,'Terminado',740),(344,NULL,'Pendiente',1776),(344,NULL,'En Preparacion',960),(344,NULL,'Terminado',1107),(341,NULL,'Cerrado',441),(345,NULL,'Abierto',2644),(346,NULL,'Pendiente',1032),(346,NULL,'En Preparacion',176),(346,NULL,'Terminado',353),(347,NULL,'Pendiente',635),(347,NULL,'En Preparacion',735),(347,NULL,'Terminado',903),(348,NULL,'Pendiente',288),(348,NULL,'En Preparacion',390),(348,NULL,'Terminado',533),(345,NULL,'Cerrado',854),(349,NULL,'Abierto',986),(350,NULL,'Pendiente',564),(350,NULL,'En Preparacion',675),(350,NULL,'Terminado',856),(349,NULL,'Cerrado',1132),(351,NULL,'Abierto',1601),(352,NULL,'Pendiente',608),(352,NULL,'En Preparacion',722),(352,NULL,'Terminado',917),(353,NULL,'Pendiente',246),(353,NULL,'En Preparacion',339),(353,NULL,'Terminado',485),(351,NULL,'Cerrado',795),(354,NULL,'Abierto',2370),(355,NULL,'Pendiente',363),(355,NULL,'En Preparacion',484),(355,NULL,'Terminado',638),(356,NULL,'Pendiente',959),(356,NULL,'En Preparacion',1068),(356,NULL,'Terminado',249),(354,NULL,'Cerrado',579),(357,NULL,'Abierto',4063),(358,NULL,'Pendiente',1125),(358,NULL,'En Preparacion',237),(358,NULL,'Terminado',407),(359,NULL,'Pendiente',746),(359,NULL,'En Preparacion',865),(359,NULL,'Terminado',1024),(360,NULL,'Pendiente',376),(360,NULL,'En Preparacion',495),(360,NULL,'Terminado',674),(361,NULL,'Pendiente',1396),(361,NULL,'En Preparacion',784),(361,NULL,'Terminado',942),(357,NULL,'Cerrado',373),(362,NULL,'Abierto',2004),(363,NULL,'Pendiente',961),(363,NULL,'En Preparacion',1064),(363,NULL,'Terminado',241),(364,NULL,'Pendiente',579),(364,NULL,'En Preparacion',703),(364,NULL,'Terminado',883),(362,NULL,'Cerrado',181),(365,NULL,'Abierto',1654),(366,NULL,'Pendiente',704),(366,NULL,'En Preparacion',816),(366,NULL,'Terminado',995),(367,NULL,'Pendiente',302),(367,NULL,'En Preparacion',399),(367,NULL,'Terminado',547),(365,NULL,'Cerrado',863),(368,NULL,'Abierto',2624),(369,NULL,'Pendiente',399),(369,NULL,'En Preparacion',499),(369,NULL,'Terminado',647),(370,NULL,'Pendiente',929),(370,NULL,'En Preparacion',1040),(370,NULL,'Terminado',207),(371,NULL,'Pendiente',582),(371,NULL,'En Preparacion',680),(371,NULL,'Terminado',826),(372,NULL,'Pendiente',1209),(372,NULL,'En Preparacion',321),(372,NULL,'Terminado',499),(368,NULL,'Cerrado',869),(373,NULL,'Abierto',2645),(374,NULL,'Pendiente',355),(374,NULL,'En Preparacion',467),(374,NULL,'Terminado',646),(375,NULL,'Pendiente',952),(375,NULL,'En Preparacion',1052),(375,NULL,'Terminado',201),(376,NULL,'Pendiente',569),(376,NULL,'En Preparacion',694),(376,NULL,'Terminado',872),(377,NULL,'Pendiente',277),(377,NULL,'En Preparacion',380),(377,NULL,'Terminado',524),(373,NULL,'Cerrado',1247),(378,NULL,'Abierto',2100),(379,NULL,'Pendiente',1092),(379,NULL,'En Preparacion',204),(379,NULL,'Terminado',362),(380,NULL,'Pendiente',697),(380,NULL,'En Preparacion',810),(380,NULL,'Terminado',991),(378,NULL,'Cerrado',278),(381,NULL,'Abierto',1785),(382,NULL,'Pendiente',800),(382,NULL,'En Preparacion',922),(382,NULL,'Terminado',1101),(383,NULL,'Pendiente',418),(383,NULL,'En Preparacion',517),(383,NULL,'Terminado',664),(381,NULL,'Cerrado',995),(384,NULL,'Abierto',2896),(385,NULL,'Pendiente',565),(385,NULL,'En Preparacion',665),(385,NULL,'Terminado',819),(386,NULL,'Pendiente',1136),(386,NULL,'En Preparacion',248),(386,NULL,'Terminado',426),(387,NULL,'Pendiente',808),(387,NULL,'En Preparacion',919),(387,NULL,'Terminado',1066),(388,NULL,'Pendiente',485),(388,NULL,'En Preparacion',607),(388,NULL,'Terminado',786),(384,NULL,'Cerrado',1141),(389,NULL,'Abierto',1637),(390,NULL,'Pendiente',672),(390,NULL,'En Preparacion',787),(390,NULL,'Terminado',977),(391,NULL,'Pendiente',280),(391,NULL,'En Preparacion',382),(391,NULL,'Terminado',528),(389,NULL,'Cerrado',851),(392,NULL,'Abierto',795),(393,NULL,'Pendiente',402),(393,NULL,'En Preparacion',537),(393,NULL,'Terminado',683),(392,NULL,'Cerrado',943),(394,NULL,'Abierto',3453),(395,NULL,'Pendiente',496),(395,NULL,'En Preparacion',607),(395,NULL,'Terminado',764),(396,NULL,'Pendiente',545),(396,NULL,'En Preparacion',750),(396,NULL,'Terminado',943),(397,NULL,'Pendiente',331),(397,NULL,'En Preparacion',454),(397,NULL,'Terminado',600),(398,NULL,'Pendiente',1025),(398,NULL,'En Preparacion',138),(398,NULL,'Terminado',322),(394,NULL,'Cerrado',1181),(399,NULL,'Abierto',1091),(400,NULL,'Pendiente',733),(400,NULL,'En Preparacion',837),(400,NULL,'Terminado',985),(399,NULL,'Cerrado',258),(401,NULL,'Abierto',2494),(402,NULL,'Pendiente',823),(402,NULL,'En Preparacion',947),(402,NULL,'Terminado',1093),(403,NULL,'Pendiente',375),(403,NULL,'En Preparacion',521),(403,NULL,'Terminado',733),(404,NULL,'Pendiente',1128),(404,NULL,'En Preparacion',235),(404,NULL,'Terminado',385),(401,NULL,'Cerrado',755),(405,NULL,'Abierto',3640),(406,NULL,'Pendiente',305),(406,NULL,'En Preparacion',429),(406,NULL,'Terminado',575),(407,NULL,'Pendiente',868),(407,NULL,'En Preparacion',981),(407,NULL,'Terminado',1160),(408,NULL,'Pendiente',563),(408,NULL,'En Preparacion',668),(408,NULL,'Terminado',811),(409,NULL,'Pendiente',1192),(409,NULL,'En Preparacion',330),(409,NULL,'Terminado',509),(405,NULL,'Cerrado',909),(410,NULL,'Abierto',1964),(411,NULL,'Pendiente',373),(411,NULL,'En Preparacion',484),(411,NULL,'Terminado',654),(412,NULL,'Pendiente',1535),(412,NULL,'En Preparacion',694),(412,NULL,'Terminado',841),(410,NULL,'Cerrado',1172),(413,NULL,'Abierto',1073),(414,NULL,'Pendiente',716),(414,NULL,'En Preparacion',822),(414,NULL,'Terminado',964),(413,NULL,'Cerrado',238),(415,NULL,'Abierto',2445),(416,NULL,'Pendiente',795),(416,NULL,'En Preparacion',908),(416,NULL,'Terminado',1086),(417,NULL,'Pendiente',384),(417,NULL,'En Preparacion',492),(417,NULL,'Terminado',681),(418,NULL,'Pendiente',1074),(418,NULL,'En Preparacion',189),(418,NULL,'Terminado',333),(415,NULL,'Cerrado',655),(419,NULL,'Abierto',3477),(420,NULL,'Pendiente',186),(420,NULL,'En Preparacion',298),(420,NULL,'Terminado',468),(421,NULL,'Pendiente',750),(421,NULL,'En Preparacion',851),(421,NULL,'Terminado',1007),(422,NULL,'Pendiente',396),(422,NULL,'En Preparacion',524),(422,NULL,'Terminado',703),(423,NULL,'Pendiente',1058),(423,NULL,'En Preparacion',187),(423,NULL,'Terminado',356),(419,NULL,'Cerrado',791),(424,NULL,'Abierto',2297),(425,NULL,'Pendiente',277),(425,NULL,'En Preparacion',377),(425,NULL,'Terminado',559),(426,NULL,'Pendiente',906),(426,NULL,'En Preparacion',1032),(426,NULL,'Terminado',185),(424,NULL,'Cerrado',474),(427,NULL,'Abierto',3259),(428,NULL,'Pendiente',1067),(428,NULL,'En Preparacion',187),(428,NULL,'Terminado',396),(429,NULL,'Pendiente',681),(429,NULL,'En Preparacion',1017),(429,NULL,'Terminado',438),(430,NULL,'Pendiente',879),(430,NULL,'En Preparacion',988),(430,NULL,'Terminado',1142),(427,NULL,'Cerrado',500),(431,NULL,'Abierto',1582),(432,NULL,'Pendiente',1154),(432,NULL,'En Preparacion',310),(432,NULL,'Terminado',460),(431,NULL,'Cerrado',733),(433,NULL,'Abierto',3617),(434,NULL,'Pendiente',280),(434,NULL,'En Preparacion',406),(434,NULL,'Terminado',583),(435,NULL,'Pendiente',864),(435,NULL,'En Preparacion',974),(435,NULL,'Terminado',1122),(436,NULL,'Pendiente',509),(436,NULL,'En Preparacion',628),(436,NULL,'Terminado',802),(437,NULL,'Pendiente',1179),(437,NULL,'En Preparacion',315),(437,NULL,'Terminado',494),(433,NULL,'Cerrado',906),(438,NULL,'Abierto',2030),(439,NULL,'Pendiente',392),(439,NULL,'En Preparacion',520),(439,NULL,'Terminado',697),(440,NULL,'Pendiente',1044),(440,NULL,'En Preparacion',146),(440,NULL,'Terminado',292),(441,NULL,'Pendiente',606),(441,NULL,'En Preparacion',718),(441,NULL,'Terminado',901),(438,NULL,'Cerrado',275),(442,NULL,'Abierto',3858),(443,NULL,'Pendiente',763),(443,NULL,'En Preparacion',864),(443,NULL,'Terminado',1032),(444,NULL,'Pendiente',369),(444,NULL,'En Preparacion',493),(444,NULL,'Terminado',651),(445,NULL,'Pendiente',965),(445,NULL,'En Preparacion',1078),(445,NULL,'Terminado',283),(446,NULL,'Pendiente',777),(446,NULL,'En Preparacion',1126),(446,NULL,'Terminado',730),(442,NULL,'Cerrado',1189),(447,NULL,'Abierto',2361),(448,NULL,'Pendiente',725),(448,NULL,'En Preparacion',829),(448,NULL,'Terminado',983),(449,NULL,'Pendiente',308),(449,NULL,'En Preparacion',442),(449,NULL,'Terminado',621),(450,NULL,'Pendiente',947),(450,NULL,'En Preparacion',1054),(450,NULL,'Terminado',236),(447,NULL,'Cerrado',617),(451,NULL,'Abierto',2900),(452,NULL,'Pendiente',164),(452,NULL,'En Preparacion',263),(452,NULL,'Terminado',408),(453,NULL,'Pendiente',834),(453,NULL,'En Preparacion',954),(453,NULL,'Terminado',1137),(454,NULL,'Pendiente',541),(454,NULL,'En Preparacion',631),(454,NULL,'Terminado',778),(451,NULL,'Cerrado',1167),(455,NULL,'Abierto',1684),(456,NULL,'Pendiente',698),(456,NULL,'En Preparacion',800),(456,NULL,'Terminado',946),(457,NULL,'Pendiente',273),(457,NULL,'En Preparacion',397),(457,NULL,'Terminado',582),(455,NULL,'Cerrado',966),(458,NULL,'Abierto',2854),(459,NULL,'Pendiente',483),(459,NULL,'En Preparacion',619),(459,NULL,'Terminado',821),(460,NULL,'Pendiente',1113),(460,NULL,'En Preparacion',215),(460,NULL,'Terminado',361),(461,NULL,'Pendiente',735),(461,NULL,'En Preparacion',854),(461,NULL,'Terminado',1024),(462,NULL,'Pendiente',384),(462,NULL,'En Preparacion',485),(462,NULL,'Terminado',667),(458,NULL,'Cerrado',1466),(463,NULL,'Abierto',3356),(464,NULL,'Pendiente',999),(464,NULL,'En Preparacion',1110),(464,NULL,'Terminado',280),(465,NULL,'Pendiente',627),(465,NULL,'En Preparacion',750),(465,NULL,'Terminado',909),(466,NULL,'Pendiente',257),(466,NULL,'En Preparacion',373),(466,NULL,'Terminado',551),(467,NULL,'Pendiente',988),(467,NULL,'En Preparacion',1088),(467,NULL,'Terminado',235),(463,NULL,'Cerrado',667),(468,NULL,'Abierto',2241),(469,NULL,'Pendiente',232),(469,NULL,'En Preparacion',346),(469,NULL,'Terminado',492),(470,NULL,'Pendiente',818),(470,NULL,'En Preparacion',932),(470,NULL,'Terminado',1110),(468,NULL,'Cerrado',463),(471,NULL,'Abierto',1971),(472,NULL,'Pendiente',949),(472,NULL,'En Preparacion',1075),(472,NULL,'Terminado',254),(473,NULL,'Pendiente',591),(473,NULL,'En Preparacion',715),(473,NULL,'Terminado',861),(471,NULL,'Cerrado',1177),(474,NULL,'Abierto',1153),(475,NULL,'Pendiente',744),(475,NULL,'En Preparacion',860),(475,NULL,'Terminado',1040),(474,NULL,'Cerrado',293),(476,NULL,'Abierto',2476),(477,NULL,'Pendiente',809),(477,NULL,'En Preparacion',928),(477,NULL,'Terminado',1106),(478,NULL,'Pendiente',412),(478,NULL,'En Preparacion',512),(478,NULL,'Terminado',668),(479,NULL,'Pendiente',1038),(479,NULL,'En Preparacion',163),(479,NULL,'Terminado',353),(476,NULL,'Cerrado',1005),(480,NULL,'Abierto',1696),(481,NULL,'Pendiente',721),(481,NULL,'En Preparacion',845),(481,NULL,'Terminado',1013),(482,NULL,'Pendiente',308),(482,NULL,'En Preparacion',417),(482,NULL,'Terminado',574),(480,NULL,'Cerrado',916),(483,NULL,'Abierto',1471),(484,NULL,'Pendiente',496),(484,NULL,'En Preparacion',596),(484,NULL,'Terminado',748),(485,NULL,'Pendiente',1040),(485,NULL,'En Preparacion',159),(485,NULL,'Terminado',342),(483,NULL,'Cerrado',651),(486,NULL,'Abierto',2177),(487,NULL,'Pendiente',157),(487,NULL,'En Preparacion',272),(487,NULL,'Terminado',449),(488,NULL,'Pendiente',797),(488,NULL,'En Preparacion',910),(488,NULL,'Terminado',1065),(486,NULL,'Cerrado',356),(489,NULL,'Abierto',2846),(490,NULL,'Pendiente',1148),(490,NULL,'En Preparacion',276),(490,NULL,'Terminado',467),(491,NULL,'Pendiente',754),(491,NULL,'En Preparacion',851),(491,NULL,'Terminado',1040),(492,NULL,'Pendiente',437),(492,NULL,'En Preparacion',569),(492,NULL,'Terminado',739),(489,NULL,'Cerrado',1059),(493,NULL,'Abierto',3507),(494,NULL,'Pendiente',670),(494,NULL,'En Preparacion',792),(494,NULL,'Terminado',960),(495,NULL,'Pendiente',255),(495,NULL,'En Preparacion',357),(495,NULL,'Terminado',536),(496,NULL,'Pendiente',917),(496,NULL,'En Preparacion',1039),(496,NULL,'Terminado',186),(497,NULL,'Pendiente',818),(497,NULL,'En Preparacion',1085),(497,NULL,'Terminado',364),(493,NULL,'Cerrado',753),(498,NULL,'Abierto',3000),(499,NULL,'Pendiente',260),(499,NULL,'En Preparacion',374),(499,NULL,'Terminado',553),(500,NULL,'Pendiente',897),(500,NULL,'En Preparacion',991),(500,NULL,'Terminado',1137),(501,NULL,'Pendiente',570),(501,NULL,'En Preparacion',689),(501,NULL,'Terminado',868),(498,NULL,'Cerrado',210),(502,NULL,'Abierto',1705),(503,NULL,'Pendiente',722),(503,NULL,'En Preparacion',843),(503,NULL,'Terminado',1013),(504,NULL,'Pendiente',328),(504,NULL,'En Preparacion',437),(504,NULL,'Terminado',597),(502,NULL,'Cerrado',895),(505,NULL,'Abierto',2821),(506,NULL,'Pendiente',508),(506,NULL,'En Preparacion',623),(506,NULL,'Terminado',770),(507,NULL,'Pendiente',1057),(507,NULL,'En Preparacion',169),(507,NULL,'Terminado',351),(508,NULL,'Pendiente',743),(508,NULL,'En Preparacion',845),(508,NULL,'Terminado',990),(509,NULL,'Pendiente',365),(509,NULL,'En Preparacion',519),(509,NULL,'Terminado',685),(505,NULL,'Cerrado',1074),(510,NULL,'Abierto',1041),(511,NULL,'Pendiente',609),(511,NULL,'En Preparacion',730),(511,NULL,'Terminado',909),(510,NULL,'Cerrado',212),(512,NULL,'Abierto',2992),(513,NULL,'Pendiente',743),(513,NULL,'En Preparacion',856),(513,NULL,'Terminado',1032),(514,NULL,'Pendiente',683),(514,NULL,'En Preparacion',996),(514,NULL,'Terminado',1176),(515,NULL,'Pendiente',553),(515,NULL,'En Preparacion',669),(515,NULL,'Terminado',853),(512,NULL,'Cerrado',1217),(516,NULL,'Abierto',2440),(517,NULL,'Pendiente',747),(517,NULL,'En Preparacion',859),(517,NULL,'Terminado',1028),(518,NULL,'Pendiente',353),(518,NULL,'En Preparacion',458),(518,NULL,'Terminado',601),(519,NULL,'Pendiente',973),(519,NULL,'En Preparacion',1100),(519,NULL,'Terminado',309),(516,NULL,'Cerrado',656),(520,NULL,'Abierto',2823),(521,NULL,'Pendiente',161),(521,NULL,'En Preparacion',282),(521,NULL,'Terminado',467),(522,NULL,'Pendiente',802),(522,NULL,'En Preparacion',904),(522,NULL,'Terminado',1061),(523,NULL,'Pendiente',397),(523,NULL,'En Preparacion',511),(523,NULL,'Terminado',691),(520,NULL,'Cerrado',1032),(524,NULL,'Abierto',956),(525,NULL,'Pendiente',532),(525,NULL,'En Preparacion',645),(525,NULL,'Terminado',823),(524,NULL,'Cerrado',1123),(526,NULL,'Abierto',2968),(527,NULL,'Pendiente',643),(527,NULL,'En Preparacion',745),(527,NULL,'Terminado',916),(528,NULL,'Pendiente',261),(528,NULL,'En Preparacion',385),(528,NULL,'Terminado',535),(529,NULL,'Pendiente',860),(529,NULL,'En Preparacion',971),(529,NULL,'Terminado',1155),(530,NULL,'Pendiente',610),(530,NULL,'En Preparacion',711),(530,NULL,'Terminado',862),(526,NULL,'Cerrado',1480),(531,NULL,'Abierto',3585),(532,NULL,'Pendiente',246),(532,NULL,'En Preparacion',349),(532,NULL,'Terminado',494),(533,NULL,'Pendiente',809),(533,NULL,'En Preparacion',922),(533,NULL,'Terminado',1142),(534,NULL,'Pendiente',506),(534,NULL,'En Preparacion',607),(534,NULL,'Terminado',756),(535,NULL,'Pendiente',1165),(535,NULL,'En Preparacion',278),(535,NULL,'Terminado',450),(531,NULL,'Cerrado',889),(536,NULL,'Abierto',1640),(537,NULL,'Pendiente',431),(537,NULL,'En Preparacion',693),(537,NULL,'Terminado',869),(538,NULL,'Pendiente',1218),(538,NULL,'En Preparacion',341),(538,NULL,'Terminado',519),(536,NULL,'Cerrado',861),(539,NULL,'Abierto',824),(540,NULL,'Pendiente',384),(540,NULL,'En Preparacion',508),(540,NULL,'Terminado',688),(539,NULL,'Cerrado',996),(541,NULL,'Abierto',2151),(542,NULL,'Pendiente',516),(542,NULL,'En Preparacion',618),(542,NULL,'Terminado',785),(543,NULL,'Pendiente',1123),(543,NULL,'En Preparacion',254),(543,NULL,'Terminado',427),(544,NULL,'Pendiente',740),(544,NULL,'En Preparacion',841),(544,NULL,'Terminado',1024),(541,NULL,'Cerrado',412),(545,NULL,'Abierto',3202),(546,NULL,'Pendiente',963),(546,NULL,'En Preparacion',1064),(546,NULL,'Terminado',221),(547,NULL,'Pendiente',549),(547,NULL,'En Preparacion',671),(547,NULL,'Terminado',859),(548,NULL,'Pendiente',1797),(548,NULL,'En Preparacion',924),(548,NULL,'Terminado',1081),(545,NULL,'Cerrado',457),(549,NULL,'Abierto',2011),(550,NULL,'Pendiente',990),(550,NULL,'En Preparacion',1092),(550,NULL,'Terminado',248),(551,NULL,'Pendiente',562),(551,NULL,'En Preparacion',698),(551,NULL,'Terminado',877),(549,NULL,'Cerrado',209),(552,NULL,'Abierto',3253),(553,NULL,'Pendiente',740),(553,NULL,'En Preparacion',853),(553,NULL,'Terminado',1074),(554,NULL,'Pendiente',416),(554,NULL,'En Preparacion',537),(554,NULL,'Terminado',695),(555,NULL,'Pendiente',1020),(555,NULL,'En Preparacion',138),(555,NULL,'Terminado',311),(556,NULL,'Pendiente',838),(556,NULL,'En Preparacion',974),(556,NULL,'Terminado',1140),(552,NULL,'Cerrado',522),(557,NULL,'Abierto',3463),(558,NULL,'Pendiente',1094),(558,NULL,'En Preparacion',210),(558,NULL,'Terminado',387),(559,NULL,'Pendiente',681),(559,NULL,'En Preparacion',781),(559,NULL,'Terminado',950),(560,NULL,'Pendiente',341),(560,NULL,'En Preparacion',467),(560,NULL,'Terminado',654),(561,NULL,'Pendiente',1059),(561,NULL,'En Preparacion',168),(561,NULL,'Terminado',341),(557,NULL,'Cerrado',771),(562,NULL,'Abierto',2948),(563,NULL,'Pendiente',386),(563,NULL,'En Preparacion',546),(563,NULL,'Terminado',691),(564,NULL,'Pendiente',1337),(564,NULL,'En Preparacion',619),(564,NULL,'Terminado',840),(562,NULL,'Cerrado',1136),(565,NULL,'Abierto',2406),(566,NULL,'Pendiente',707),(566,NULL,'En Preparacion',840),(566,NULL,'Terminado',1017),(567,NULL,'Pendiente',366),(567,NULL,'En Preparacion',467),(567,NULL,'Terminado',611),(568,NULL,'Pendiente',981),(568,NULL,'En Preparacion',1096),(568,NULL,'Terminado',279),(565,NULL,'Cerrado',646),(569,NULL,'Abierto',2210),(570,NULL,'Pendiente',182),(570,NULL,'En Preparacion',284),(570,NULL,'Terminado',482),(571,NULL,'Pendiente',831),(571,NULL,'En Preparacion',947),(571,NULL,'Terminado',1093),(569,NULL,'Cerrado',379),(572,NULL,'Abierto',3222),(573,NULL,'Pendiente',944),(573,NULL,'En Preparacion',1057),(573,NULL,'Terminado',241),(574,NULL,'Pendiente',563),(574,NULL,'En Preparacion',664),(574,NULL,'Terminado',820),(575,NULL,'Pendiente',1181),(575,NULL,'En Preparacion',299),(575,NULL,'Terminado',473),(576,NULL,'Pendiente',854),(576,NULL,'En Preparacion',963),(576,NULL,'Terminado',1112),(572,NULL,'Cerrado',521),(577,NULL,'Abierto',2074),(578,NULL,'Pendiente',1101),(578,NULL,'En Preparacion',208),(578,NULL,'Terminado',357),(579,NULL,'Pendiente',650),(579,NULL,'En Preparacion',764),(579,NULL,'Terminado',952),(577,NULL,'Cerrado',305),(580,NULL,'Abierto',1862),(581,NULL,'Pendiente',1185),(581,NULL,'En Preparacion',471),(581,NULL,'Terminado',732),(580,NULL,'Cerrado',1042),(582,NULL,'Abierto',1075),(583,NULL,'Pendiente',698),(583,NULL,'En Preparacion',797),(583,NULL,'Terminado',955),(582,NULL,'Cerrado',241),(584,NULL,'Abierto',3185),(585,NULL,'Pendiente',850),(585,NULL,'En Preparacion',951),(585,NULL,'Terminado',1100),(586,NULL,'Pendiente',406),(586,NULL,'En Preparacion',537),(586,NULL,'Terminado',715),(587,NULL,'Pendiente',1097),(587,NULL,'En Preparacion',198),(587,NULL,'Terminado',347),(588,NULL,'Pendiente',760),(588,NULL,'En Preparacion',876),(588,NULL,'Terminado',1060),(584,NULL,'Cerrado',483),(589,NULL,'Abierto',3367),(590,NULL,'Pendiente',1004),(590,NULL,'En Preparacion',118),(590,NULL,'Terminado',299),(591,NULL,'Pendiente',633),(591,NULL,'En Preparacion',758),(591,NULL,'Terminado',913),(592,NULL,'Pendiente',254),(592,NULL,'En Preparacion',355),(592,NULL,'Terminado',533),(593,NULL,'Pendiente',982),(593,NULL,'En Preparacion',1105),(593,NULL,'Terminado',253),(589,NULL,'Cerrado',608),(594,NULL,'Abierto',1606),(595,NULL,'Pendiente',182),(595,NULL,'En Preparacion',311),(595,NULL,'Terminado',496),(594,NULL,'Cerrado',748),(596,NULL,'Abierto',1724),(597,NULL,'Pendiente',291),(597,NULL,'En Preparacion',403),(597,NULL,'Terminado',593),(596,NULL,'Cerrado',1187),(598,NULL,'Abierto',1972),(599,NULL,'Pendiente',972),(599,NULL,'En Preparacion',1084),(599,NULL,'Terminado',252),(600,NULL,'Pendiente',606),(600,NULL,'En Preparacion',713),(600,NULL,'Terminado',859),(598,NULL,'Cerrado',1145),(601,NULL,'Abierto',2978),(602,NULL,'Pendiente',726),(602,NULL,'En Preparacion',848),(602,NULL,'Terminado',1027),(603,NULL,'Pendiente',307),(603,NULL,'En Preparacion',409),(603,NULL,'Terminado',565),(604,NULL,'Pendiente',946),(604,NULL,'En Preparacion',1058),(604,NULL,'Terminado',237),(605,NULL,'Pendiente',598),(605,NULL,'En Preparacion',711),(605,NULL,'Terminado',858),(601,NULL,'Cerrado',1288),(606,NULL,'Abierto',1887),(607,NULL,'Pendiente',886),(607,NULL,'En Preparacion',990),(607,NULL,'Terminado',1136),(608,NULL,'Pendiente',460),(608,NULL,'En Preparacion',577),(608,NULL,'Terminado',753),(606,NULL,'Cerrado',1105),(609,NULL,'Abierto',1121),(610,NULL,'Pendiente',698),(610,NULL,'En Preparacion',808),(610,NULL,'Terminado',986),(609,NULL,'Cerrado',297),(611,NULL,'Abierto',1882),(612,NULL,'Pendiente',871),(612,NULL,'En Preparacion',972),(612,NULL,'Terminado',1122),(613,NULL,'Pendiente',445),(613,NULL,'En Preparacion',557),(613,NULL,'Terminado',743),(611,NULL,'Cerrado',1077),(614,NULL,'Abierto',2871),(615,NULL,'Pendiente',732),(615,NULL,'En Preparacion',1047),(615,NULL,'Terminado',499),(616,NULL,'Pendiente',844),(616,NULL,'En Preparacion',947),(616,NULL,'Terminado',1089),(617,NULL,'Pendiente',428),(617,NULL,'En Preparacion',572),(617,NULL,'Terminado',750),(614,NULL,'Cerrado',1130),(618,NULL,'Abierto',2363),(619,NULL,'Pendiente',693),(619,NULL,'En Preparacion',797),(619,NULL,'Terminado',996),(620,NULL,'Pendiente',332),(620,NULL,'En Preparacion',457),(620,NULL,'Terminado',636),(621,NULL,'Pendiente',951),(621,NULL,'En Preparacion',1061),(621,NULL,'Terminado',241),(618,NULL,'Cerrado',632),(622,NULL,'Abierto',2229),(623,NULL,'Pendiente',233),(623,NULL,'En Preparacion',331),(623,NULL,'Terminado',498),(624,NULL,'Pendiente',789),(624,NULL,'En Preparacion',922),(624,NULL,'Terminado',1096),(622,NULL,'Cerrado',424),(625,NULL,'Abierto',2581),(626,NULL,'Pendiente',963),(626,NULL,'En Preparacion',1068),(626,NULL,'Terminado',249),(627,NULL,'Pendiente',577),(627,NULL,'En Preparacion',698),(627,NULL,'Terminado',844),(628,NULL,'Pendiente',1174),(628,NULL,'En Preparacion',271),(628,NULL,'Terminado',451),(625,NULL,'Cerrado',839),(629,NULL,'Abierto',2724),(630,NULL,'Pendiente',443),(630,NULL,'En Preparacion',550),(630,NULL,'Terminado',695),(631,NULL,'Pendiente',1033),(631,NULL,'En Preparacion',155),(631,NULL,'Terminado',335),(632,NULL,'Pendiente',1113),(632,NULL,'En Preparacion',335),(632,NULL,'Terminado',590),(629,NULL,'Cerrado',990),(633,NULL,'Abierto',1582),(634,NULL,'Pendiente',576),(634,NULL,'En Preparacion',677),(634,NULL,'Terminado',823),(635,NULL,'Pendiente',1149),(635,NULL,'En Preparacion',272),(635,NULL,'Terminado',452),(633,NULL,'Cerrado',760),(636,NULL,'Abierto',1715),(637,NULL,'Pendiente',297),(637,NULL,'En Preparacion',417),(637,NULL,'Terminado',596),(636,NULL,'Cerrado',881),(638,NULL,'Abierto',2870),(639,NULL,'Pendiente',465),(639,NULL,'En Preparacion',560),(639,NULL,'Terminado',730),(640,NULL,'Pendiente',1065),(640,NULL,'En Preparacion',180),(640,NULL,'Terminado',383),(641,NULL,'Pendiente',750),(641,NULL,'En Preparacion',852),(641,NULL,'Terminado',1021),(642,NULL,'Pendiente',466),(642,NULL,'En Preparacion',581),(642,NULL,'Terminado',760),(638,NULL,'Cerrado',1116),(643,NULL,'Abierto',2350),(644,NULL,'Pendiente',704),(644,NULL,'En Preparacion',826),(644,NULL,'Terminado',1006),(645,NULL,'Pendiente',326),(645,NULL,'En Preparacion',421),(645,NULL,'Terminado',566),(646,NULL,'Pendiente',926),(646,NULL,'En Preparacion',1046),(646,NULL,'Terminado',221),(643,NULL,'Cerrado',562),(647,NULL,'Abierto',4085),(648,NULL,'Pendiente',1126),(648,NULL,'En Preparacion',239),(648,NULL,'Terminado',409),(649,NULL,'Pendiente',1277),(649,NULL,'En Preparacion',483),(649,NULL,'Terminado',657),(650,NULL,'Pendiente',1034),(650,NULL,'En Preparacion',156),(650,NULL,'Terminado',336),(651,NULL,'Pendiente',731),(651,NULL,'En Preparacion',830),(651,NULL,'Terminado',976),(647,NULL,'Cerrado',396),(652,NULL,'Abierto',2604),(653,NULL,'Pendiente',985),(653,NULL,'En Preparacion',1089),(653,NULL,'Terminado',238),(654,NULL,'Pendiente',525),(654,NULL,'En Preparacion',636),(654,NULL,'Terminado',818),(655,NULL,'Pendiente',1187),(655,NULL,'En Preparacion',298),(655,NULL,'Terminado',456),(652,NULL,'Cerrado',842),(656,NULL,'Abierto',876),(657,NULL,'Pendiente',486),(657,NULL,'En Preparacion',615),(657,NULL,'Terminado',767),(656,NULL,'Cerrado',1009),(658,NULL,'Abierto',2986),(659,NULL,'Pendiente',664),(659,NULL,'En Preparacion',778),(659,NULL,'Terminado',957),(660,NULL,'Pendiente',271),(660,NULL,'En Preparacion',380),(660,NULL,'Terminado',531),(661,NULL,'Pendiente',906),(661,NULL,'En Preparacion',1033),(661,NULL,'Terminado',217),(662,NULL,'Pendiente',595),(662,NULL,'En Preparacion',701),(662,NULL,'Terminado',859),(658,NULL,'Cerrado',1286),(663,NULL,'Abierto',3843),(664,NULL,'Pendiente',995),(664,NULL,'En Preparacion',1097),(664,NULL,'Terminado',243),(665,NULL,'Pendiente',748),(665,NULL,'En Preparacion',1116),(665,NULL,'Terminado',412),(666,NULL,'Pendiente',745),(666,NULL,'En Preparacion',847),(666,NULL,'Terminado',1006),(667,NULL,'Pendiente',430),(667,NULL,'En Preparacion',555),(667,NULL,'Terminado',734),(663,NULL,'Cerrado',1114),(668,NULL,'Abierto',3042),(669,NULL,'Pendiente',754),(669,NULL,'En Preparacion',874),(669,NULL,'Terminado',1062),(670,NULL,'Pendiente',362),(670,NULL,'En Preparacion',472),(670,NULL,'Terminado',619),(671,NULL,'Pendiente',990),(671,NULL,'En Preparacion',1106),(671,NULL,'Terminado',293),(672,NULL,'Pendiente',668),(672,NULL,'En Preparacion',764),(672,NULL,'Terminado',915),(668,NULL,'Cerrado',348),(673,NULL,'Abierto',3497),(674,NULL,'Pendiente',233),(674,NULL,'En Preparacion',333),(674,NULL,'Terminado',478),(675,NULL,'Pendiente',782),(675,NULL,'En Preparacion',894),(675,NULL,'Terminado',1072),(676,NULL,'Pendiente',433),(676,NULL,'En Preparacion',535),(676,NULL,'Terminado',680),(677,NULL,'Pendiente',1061),(677,NULL,'En Preparacion',185),(677,NULL,'Terminado',364),(673,NULL,'Cerrado',744),(678,NULL,'Abierto',3515),(679,NULL,'Pendiente',308),(679,NULL,'En Preparacion',419),(679,NULL,'Terminado',591),(680,NULL,'Pendiente',935),(680,NULL,'En Preparacion',1049),(680,NULL,'Terminado',202),(681,NULL,'Pendiente',558),(681,NULL,'En Preparacion',962),(681,NULL,'Terminado',1285),(678,NULL,'Cerrado',770),(682,NULL,'Abierto',3051),(683,NULL,'Pendiente',347),(683,NULL,'En Preparacion',459),(683,NULL,'Terminado',688),(684,NULL,'Pendiente',1032),(684,NULL,'En Preparacion',153),(684,NULL,'Terminado',299),(685,NULL,'Pendiente',637),(685,NULL,'En Preparacion',750),(685,NULL,'Terminado',929),(682,NULL,'Cerrado',322),(686,NULL,'Abierto',2530),(687,NULL,'Pendiente',883),(687,NULL,'En Preparacion',985),(687,NULL,'Terminado',1163),(688,NULL,'Pendiente',500),(688,NULL,'En Preparacion',614),(688,NULL,'Terminado',790),(689,NULL,'Pendiente',1161),(689,NULL,'En Preparacion',262),(689,NULL,'Terminado',409),(686,NULL,'Cerrado',784),(690,NULL,'Abierto',3718),(691,NULL,'Pendiente',406),(691,NULL,'En Preparacion',523),(691,NULL,'Terminado',665),(692,NULL,'Pendiente',972),(692,NULL,'En Preparacion',1092),(692,NULL,'Terminado',270),(693,NULL,'Pendiente',653),(693,NULL,'En Preparacion',755),(693,NULL,'Terminado',914),(694,NULL,'Pendiente',285),(694,NULL,'En Preparacion',407),(694,NULL,'Terminado',585),(690,NULL,'Cerrado',987),(695,NULL,'Abierto',3265),(696,NULL,'Pendiente',550),(696,NULL,'En Preparacion',673),(696,NULL,'Terminado',855),(697,NULL,'Pendiente',1147),(697,NULL,'En Preparacion',249),(697,NULL,'Terminado',394),(698,NULL,'Pendiente',1147),(698,NULL,'En Preparacion',347),(698,NULL,'Terminado',494),(699,NULL,'Pendiente',853),(699,NULL,'En Preparacion',960),(699,NULL,'Terminado',1134),(695,NULL,'Cerrado',568),(700,NULL,'Abierto',2130),(701,NULL,'Pendiente',1133),(701,NULL,'En Preparacion',233),(701,NULL,'Terminado',402),(702,NULL,'Pendiente',727),(702,NULL,'En Preparacion',854),(702,NULL,'Terminado',1021),(700,NULL,'Cerrado',318),(703,NULL,'Abierto',3231),(704,NULL,'Pendiente',939),(704,NULL,'En Preparacion',1057),(704,NULL,'Terminado',239),(705,NULL,'Pendiente',536),(705,NULL,'En Preparacion',637),(705,NULL,'Terminado',784),(706,NULL,'Pendiente',1188),(706,NULL,'En Preparacion',311),(706,NULL,'Terminado',492),(707,NULL,'Pendiente',839),(707,NULL,'En Preparacion',941),(707,NULL,'Terminado',1109),(703,NULL,'Cerrado',553),(708,NULL,'Abierto',2745),(709,NULL,'Pendiente',151),(709,NULL,'En Preparacion',256),(709,NULL,'Terminado',433),(710,NULL,'Pendiente',758),(710,NULL,'En Preparacion',872),(710,NULL,'Terminado',1028),(711,NULL,'Pendiente',342),(711,NULL,'En Preparacion',446),(711,NULL,'Terminado',624),(708,NULL,'Cerrado',1000),(712,NULL,'Abierto',2842),(713,NULL,'Pendiente',578),(713,NULL,'En Preparacion',686),(713,NULL,'Terminado',836),(714,NULL,'Pendiente',1166),(714,NULL,'En Preparacion',286),(714,NULL,'Terminado',617),(715,NULL,'Pendiente',1343),(715,NULL,'En Preparacion',475),(715,NULL,'Terminado',709),(712,NULL,'Cerrado',1053),(716,NULL,'Abierto',2844),(717,NULL,'Pendiente',633),(717,NULL,'En Preparacion',746),(717,NULL,'Terminado',922),(718,NULL,'Pendiente',247),(718,NULL,'En Preparacion',348),(718,NULL,'Terminado',495),(719,NULL,'Pendiente',810),(719,NULL,'En Preparacion',923),(719,NULL,'Terminado',1102),(720,NULL,'Pendiente',473),(720,NULL,'En Preparacion',584),(720,NULL,'Terminado',734),(716,NULL,'Cerrado',1156),(721,NULL,'Abierto',1782),(722,NULL,'Pendiente',777),(722,NULL,'En Preparacion',876),(722,NULL,'Terminado',1046),(723,NULL,'Pendiente',347),(723,NULL,'En Preparacion',477),(723,NULL,'Terminado',656),(721,NULL,'Cerrado',961),(724,NULL,'Abierto',2208),(725,NULL,'Pendiente',549),(725,NULL,'En Preparacion',661),(725,NULL,'Terminado',842),(726,NULL,'Pendiente',1178),(726,NULL,'En Preparacion',283),(726,NULL,'Terminado',437),(727,NULL,'Pendiente',786),(727,NULL,'En Preparacion',899),(727,NULL,'Terminado',1077),(724,NULL,'Cerrado',431),(728,NULL,'Abierto',2029),(729,NULL,'Pendiente',1024),(729,NULL,'En Preparacion',143),(729,NULL,'Terminado',316),(730,NULL,'Pendiente',663),(730,NULL,'En Preparacion',760),(730,NULL,'Terminado',914),(728,NULL,'Cerrado',229),(731,NULL,'Abierto',1691),(732,NULL,'Pendiente',323),(732,NULL,'En Preparacion',421),(732,NULL,'Terminado',578),(731,NULL,'Cerrado',854);
/*!40000 ALTER TABLE `state_timer_total` ENABLE KEYS */;
UNLOCK TABLES;

--
-- Table structure for table `subrubro`
--

DROP TABLE IF EXISTS `subrubro`;
/*!40101 SET @saved_cs_client     = @@character_set_client */;
/*!40101 SET character_set_client = utf8 */;
CREATE TABLE `subrubro` (
  `id` bigint(20) NOT NULL AUTO_INCREMENT,
  `version` bigint(20) NOT NULL,
  `a_cocina` bit(1) NOT NULL,
  `nombre` varchar(100) NOT NULL,
  `orden` int(11) NOT NULL,
  `rubro_id` bigint(20) NOT NULL,
  PRIMARY KEY (`id`),
  KEY `FK85184EBC7909A7C` (`rubro_id`),
  CONSTRAINT `FK85184EBC7909A7C` FOREIGN KEY (`rubro_id`) REFERENCES `rubro` (`id`)
) ENGINE=InnoDB AUTO_INCREMENT=9 DEFAULT CHARSET=latin1;
/*!40101 SET character_set_client = @saved_cs_client */;

--
-- Dumping data for table `subrubro`
--

LOCK TABLES `subrubro` WRITE;
/*!40000 ALTER TABLE `subrubro` DISABLE KEYS */;
INSERT INTO `subrubro` VALUES (1,0,'\0','Frias',1,1),(2,0,'\0','Calientes',2,1),(3,0,'\0','Parrilla',1,2),(4,0,'\0','Pastas',2,2),(5,0,'\0','Sin Alcohol',1,3),(6,0,'\0','Vinos',2,3),(7,0,'\0','Tortas',1,4),(8,0,'\0','Helados',2,4);
/*!40000 ALTER TABLE `subrubro` ENABLE KEYS */;
UNLOCK TABLES;

--
-- Table structure for table `usuario`
--

DROP TABLE IF EXISTS `usuario`;
/*!40101 SET @saved_cs_client     = @@character_set_client */;
/*!40101 SET character_set_client = utf8 */;
CREATE TABLE `usuario` (
  `id` bigint(20) NOT NULL AUTO_INCREMENT,
  `version` bigint(20) NOT NULL,
  `account_expired` bit(1) NOT NULL,
  `account_locked` bit(1) NOT NULL,
  `enabled` bit(1) NOT NULL,
  `password` varchar(255) NOT NULL,
  `password_expired` bit(1) NOT NULL,
  `username` varchar(255) NOT NULL,
  PRIMARY KEY (`id`)
) ENGINE=InnoDB AUTO_INCREMENT=7 DEFAULT CHARSET=latin1;
/*!40101 SET character_set_client = @saved_cs_client */;

--
-- Dumping data for table `usuario`
--

LOCK TABLES `usuario` WRITE;
/*!40000 ALTER TABLE `usuario` DISABLE KEYS */;
INSERT INTO `usuario` VALUES (1,0,'\0','\0','','$2a$10$b4W65WIWXoSsPhblAO.NiOxs3mAAduL1geBA.Wg/MwpmK40OwybjG','\0','admin'),(2,0,'\0','\0','','$2a$10$rZtK11mKwPQ/5ZBLZbuAuuOP.0DhDG/eN0JWA4dfe.jwtXa/xxU6e','\0','duenio'),(3,0,'\0','\0','','$2a$10$ZqB0pQib3BbgY6.ZQd0qi.1/FghAR1C05Thjm1y71Qgk34zMk4GBm','\0','cocina'),(4,0,'\0','\0','','$2a$10$MS8k.LoJpour3AgVygjkzu1yDrY7oAqV.d3ia0j611S2inJ8ys.cC','\0','barra'),(5,0,'\0','\0','','$2a$10$6HECq1QsM5AkogJDa3Cm7uFdLhlJNWSntFFF8QoFaEkT74uwnlXSG','\0','asd'),(6,0,'\0','\0','','$2a$10$OSQmC/q05hNLkHKvX0pncOxAyzN2cLSrjOsrz87wJVqwmPLleDfae','\0','pmar');
/*!40000 ALTER TABLE `usuario` ENABLE KEYS */;
UNLOCK TABLES;

--
-- Table structure for table `usuario_rol`
--

DROP TABLE IF EXISTS `usuario_rol`;
/*!40101 SET @saved_cs_client     = @@character_set_client */;
/*!40101 SET character_set_client = utf8 */;
CREATE TABLE `usuario_rol` (
  `rol_id` bigint(20) NOT NULL,
  `usuario_id` bigint(20) NOT NULL,
  PRIMARY KEY (`rol_id`,`usuario_id`),
  KEY `FK3118953ED69EBDE` (`rol_id`),
  KEY `FK3118953E2162997E` (`usuario_id`),
  CONSTRAINT `FK3118953E2162997E` FOREIGN KEY (`usuario_id`) REFERENCES `usuario` (`id`),
  CONSTRAINT `FK3118953ED69EBDE` FOREIGN KEY (`rol_id`) REFERENCES `rol` (`id`)
) ENGINE=InnoDB DEFAULT CHARSET=latin1;
/*!40101 SET character_set_client = @saved_cs_client */;

--
-- Dumping data for table `usuario_rol`
--

LOCK TABLES `usuario_rol` WRITE;
/*!40000 ALTER TABLE `usuario_rol` DISABLE KEYS */;
INSERT INTO `usuario_rol` VALUES (1,2),(2,1),(3,3),(3,4),(4,5),(4,6);
/*!40000 ALTER TABLE `usuario_rol` ENABLE KEYS */;
UNLOCK TABLES;
/*!40103 SET TIME_ZONE=@OLD_TIME_ZONE */;

/*!40101 SET SQL_MODE=@OLD_SQL_MODE */;
/*!40014 SET FOREIGN_KEY_CHECKS=@OLD_FOREIGN_KEY_CHECKS */;
/*!40014 SET UNIQUE_CHECKS=@OLD_UNIQUE_CHECKS */;
/*!40101 SET CHARACTER_SET_CLIENT=@OLD_CHARACTER_SET_CLIENT */;
/*!40101 SET CHARACTER_SET_RESULTS=@OLD_CHARACTER_SET_RESULTS */;
/*!40101 SET COLLATION_CONNECTION=@OLD_COLLATION_CONNECTION */;
/*!40111 SET SQL_NOTES=@OLD_SQL_NOTES */;

-- Dump completed on 2014-06-09 22:00:38
